Store code,Business name,Address line 1,Address line 2,Address line 3,Address line 4,Address line 5,Sub-locality,Locality,Administrative area,Country / Region,Postal code,Latitude,Longitude,Primary phone,Additional phones,Website,Primary category,Additional categories,Sunday hours,Monday hours,Tuesday hours,Wednesday hours,Thursday hours,Friday hours,Saturday hours,Special hours,From the business,Opening date,Logo photo,Cover photo,Other photos,Labels,AdWords location extensions phone,Amenities: Wi-Fi (wi_fi),From the business: Identifies as women-owned (is_owned_by_women),Payments: Credit cards (pay_credit_card_types_accepted): American Express (american_express),Payments: Credit cards (pay_credit_card_types_accepted): MasterCard (mastercard),Payments: Credit cards (pay_credit_card_types_accepted): VISA (visa),Place page URLs: Menu or services link (url_menu),Place page URLs: Order ahead links (url_order_ahead)
1,My Business,Fernando Fader 166,,,,,,Villa Carlos Paz,Córdoba,AR,,,,011 2345-6790,"011 2345-6791, 011 2345-6792",https://www.google.com,Restaurant,"Ice cream shop,Pizza delivery",,09:00-17:00,09:00-17:00,09:00-17:00,09:00-17:00,09:00-17:00,23:00-02:00,"2026-12-31: 05:00-23:00, 2027-01-01: x","We are an independent ice cream shop located steps from the center of town, and are proud to be the favorite for locals to meet friends for a cone or call for a fresh pizza, delivered straight to their home. We serve 35 flavors of homemade, hand-churned ice creams and sorbets year-round, and the pizza oven turns out New York-style pies every day from midday until close. Come see us today!",,https://www.gstatic.com/images/branding/product/2x/google_my_business_512dp.png,https://lh5.googleusercontent.com/-PHmqjc_EgoM/Vo1zG1aivdI/AAAAAAAAMdc/QiMFMYVulFsnyBNr8f82we9tmZ9_VSb-w/w2048-h1152-no/02-coverphotos-googleplus.png,"https://www.gstatic.com/images/branding/product/2x/google_plus_512dp.png, https://www.gstatic.com/images/branding/product/1x/chrome_512dp.png","High-traffic, Recently opened",011 2345-6794,Free (free_wi_fi),Yes,Yes,Yes,Yes,https://www.google.com/menu,"https://www.google.com/order-ahead-1, https://www.google.com/order-ahead-2"
2,My Business,Bartolomé Mitre 1411,,,,,,CABA,,AR,C1037ABA,,,011 2345-6791,"011 2345-6792, 011 2345-6793",https://www.google.com,Restaurant,"Ice cream shop,Pizza delivery",,09:00-17:00,09:00-17:00,09:00-17:00,09:00-17:00,09:00-17:00,23:00-02:00,"2026-12-31: 05:00-23:00, 2027-01-01: x","We are an independent ice cream shop located steps from the center of town, and are proud to be the favorite for locals to meet friends for a cone or call for a fresh pizza, delivered straight to their home. We serve 35 flavors of homemade, hand-churned ice creams and sorbets year-round, and the pizza oven turns out New York-style pies every day from midday until close. Come see us today!",,https://www.gstatic.com/images/branding/product/2x/google_my_business_512dp.png,https://lh5.googleusercontent.com/-PHmqjc_EgoM/Vo1zG1aivdI/AAAAAAAAMdc/QiMFMYVulFsnyBNr8f82we9tmZ9_VSb-w/w2048-h1152-no/02-coverphotos-googleplus.png,"https://www.gstatic.com/images/branding/product/2x/google_plus_512dp.png, https://www.gstatic.com/images/branding/product/1x/chrome_512dp.png","High-traffic, Recently opened",011 2345-6795,Free (free_wi_fi),Yes,No,Yes,Yes,https://www.google.com/menu,"https://www.google.com/order-ahead-1, https://www.google.com/order-ahead-2"
3,My Business,12 Garafalo Crescent,,,,,,Gosford,NSW,AU,2175,,,(02) 1234 5681,"(02) 1234 5682, (02) 1234 5683",https://www.google.com,Restaurant,"Ice cream shop,Pizza delivery",,09:00-17:00,09:00-17:00,09:00-17:00,09:00-17:00,09:00-17:00,23:00-02:00,"2026-12-31: 05:00-23:00, 2027-01-01: x","We are an independent ice cream shop located steps from the center of town, and are proud to be the favorite for locals to meet friends for a cone or call for a fresh pizza, delivered straight to their home. We serve 35 flavors of homemade, hand-churned ice creams and sorbets year-round, and the pizza oven turns out New York-style pies every day from midday until close. Come see us today!",,https://www.gstatic.com/images/branding/product/2x/google_my_business_512dp.png,https://lh5.googleusercontent.com/-PHmqjc_EgoM/Vo1zG1aivdI/AAAAAAAAMdc/QiMFMYVulFsnyBNr8f82we9tmZ9_VSb-w/w2048-h1152-no/02-coverphotos-googleplus.png,"https://www.gstatic.com/images/branding/product/2x/google_plus_512dp.png, https://www.gstatic.com/images/branding/product/1x/chrome_512dp.png","High-traffic, Recently opened",(02) 1234 5685,Free (free_wi_fi),Yes,,No,Yes,https://www.google.com/menu,"https://www.google.com/order-ahead-1, https://www.google.com/order-ahead-2"
4,My Business,Unit 8/17-18 Megan Avenue,,,,,,Allawah,VIC,AU,3165,,,(02) 1234 5682,"(02) 1234 5683, (02) 1234 5684",https://www.google.com,Restaurant,"Ice cream shop,Pizza delivery",,09:00-17:00,09:00-17:00,09:00-17:00,09:00-17:00,09:00-17:00,23:00-02:00,"2026-12-31: 05:00-23:00, 2027-01-01: x","We are an independent ice cream shop located steps from the center of town, and are proud to be the favorite for locals to meet friends for a cone or call for a fresh pizza, delivered straight to their home. We serve 35 flavors of homemade, hand-churned ice creams and sorbets year-round, and the pizza oven turns out New York-style pies every day from midday until close. Come see us today!",,https://www.gstatic.com/images/branding/product/2x/google_my_business_512dp.png,https://lh5.googleusercontent.com/-PHmqjc_EgoM/Vo1zG1aivdI/AAAAAAAAMdc/QiMFMYVulFsnyBNr8f82we9tmZ9_VSb-w/w2048-h1152-no/02-coverphotos-googleplus.png,"https://www.gstatic.com/images/branding/product/2x/google_plus_512dp.png, https://www.gstatic.com/images/branding/product/1x/chrome_512dp.png","High-traffic, Recently opened",(02) 1234 5686,Free (free_wi_fi),Yes,Yes,No,Yes,https://www.google.com/menu,"https://www.google.com/order-ahead-1, https://www.google.com/order-ahead-2"
5,My Business,RMB 26,,,,,,Karlgoolie,WA,AU,6430,,,(02) 1234 5683,"(02) 1234 5684, (02) 1234 5685",https://www.google.com,Restaurant,"Ice cream shop,Pizza delivery",,09:00-17:00,09:00-17:00,09:00-17:00,09:00-17:00,09:00-17:00,23:00-02:00,"2026-12-31: 05:00-23:00, 2027-01-01: x","We are an independent ice cream shop located steps from the center of town, and are proud to be the favorite for locals to meet friends for a cone or call for a fresh pizza, delivered straight to their home. We serve 35 flavors of homemade, hand-churned ice creams and sorbets year-round, and the pizza oven turns out New York-style pies every day from midday until close. Come see us today!",,https://www.gstatic.com/images/branding/product/2x/google_my_business_512dp.png,https://lh5.googleusercontent.com/-PHmqjc_EgoM/Vo1zG1aivdI/AAAAAAAAMdc/QiMFMYVulFsnyBNr8f82we9tmZ9_VSb-w/w2048-h1152-no/02-coverphotos-googleplus.png,"https://www.gstatic.com/images/branding/product/2x/google_plus_512dp.png, https://www.gstatic.com/images/branding/product/1x/chrome_512dp.png","High-traffic, Recently opened",(02) 1234 5687,Free (free_wi_fi),Yes,No,,Yes,https://www.google.com/menu,"https://www.google.com/order-ahead-1, https://www.google.com/order-ahead-2"
6,My Business,"Avenida Paulista, 358",,,,,Bela Vista ,São Paulo,SP,BR,01310-000,,,(11) 2345-6795,"(11) 2345-6796, (11) 2345-6797",https://www.google.com,Restaurant,"Ice cream shop,Pizza delivery",,09:00-17:00,09:00-17:00,09:00-17:00,09:00-17:00,09:00-17:00,23:00-02:00,"2026-12-31: 05:00-23:00, 2027-01-01: x","We are an independent ice cream shop located steps from the center of town, and are proud to be the favorite for locals to meet friends for a cone or call for a fresh pizza, delivered straight to their home. We serve 35 flavors of homemade, hand-churned ice creams and sorbets year-round, and the pizza oven turns out New York-style pies every day from midday until close. Come see us today!",,https://www.gstatic.com/images/branding/product/2x/google_my_business_512dp.png,https://lh5.googleusercontent.com/-PHmqjc_EgoM/Vo1zG1aivdI/AAAAAAAAMdc/QiMFMYVulFsnyBNr8f82we9tmZ9_VSb-w/w2048-h1152-no/02-coverphotos-googleplus.png,"https://www.gstatic.com/images/branding/product/2x/google_plus_512dp.png, https://www.gstatic.com/images/branding/product/1x/chrome_512dp.png","High-traffic, Recently opened",(11) 2345-6799,Free (free_wi_fi),Yes,,,Yes,https://www.google.com/menu,"https://www.google.com/order-ahead-1, https://www.google.com/order-ahead-2"
7,My Business,"CLN 207, Bloco B","1° Andar, Suite 11",,,,Asa Norte ,Brasília,DF,BR,70852-520,,,(11) 2345-6796,"(11) 2345-6797, (11) 2345-6798",https://www.google.com,Restaurant,"Ice cream shop,Pizza delivery",,09:00-17:00,09:00-17:00,09:00-17:00,09:00-17:00,09:00-17:00,23:00-02:00,"2026-12-31: 05:00-23:00, 2027-01-01: x","We are an independent ice cream shop located steps from the center of town, and are proud to be the favorite for locals to meet friends for a cone or call for a fresh pizza, delivered straight to their home. We serve 35 flavors of homemade, hand-churned ice creams and sorbets year-round, and the pizza oven turns out New York-style pies every day from midday until close. Come see us today!",,https://www.gstatic.com/images/branding/product/2x/google_my_business_512dp.png,https://lh5.googleusercontent.com/-PHmqjc_EgoM/Vo1zG1aivdI/AAAAAAAAMdc/QiMFMYVulFsnyBNr8f82we9tmZ9_VSb-w/w2048-h1152-no/02-coverphotos-googleplus.png,"https://www.gstatic.com/images/branding/product/2x/google_plus_512dp.png, https://www.gstatic.com/images/branding/product/1x/chrome_512dp.png","High-traffic, Recently opened",(11) 2345-6800,Free (free_wi_fi),Yes,Yes,Yes,Yes,https://www.google.com/menu,"https://www.google.com/order-ahead-1, https://www.google.com/order-ahead-2"
8,My Business,"R. Irmã Arminda, 10-50",,,,,Jardim Brasil,Bauru,SP,BR,17011-160,-22.333258,-49.058316,(11) 2345-6797,"(11) 2345-6798, (11) 2345-6799",https://www.google.com,Restaurant,"Ice cream shop,Pizza delivery",,09:00-17:00,09:00-17:00,09:00-17:00,09:00-17:00,09:00-17:00,23:00-02:00,"2026-12-31: 05:00-23:00, 2027-01-01: x","We are an independent ice cream shop located steps from the center of town, and are proud to be the favorite for locals to meet friends for a cone or call for a fresh pizza, delivered straight to their home. We serve 35 flavors of homemade, hand-churned ice creams and sorbets year-round, and the pizza oven turns out New York-style pies every day from midday until close. Come see us today!",,https://www.gstatic.com/images/branding/product/2x/google_my_business_512dp.png,https://lh5.googleusercontent.com/-PHmqjc_EgoM/Vo1zG1aivdI/AAAAAAAAMdc/QiMFMYVulFsnyBNr8f82we9tmZ9_VSb-w/w2048-h1152-no/02-coverphotos-googleplus.png,"https://www.gstatic.com/images/branding/product/2x/google_plus_512dp.png, https://www.gstatic.com/images/branding/product/1x/chrome_512dp.png","High-traffic, Recently opened",(11) 2345-6801,Free (free_wi_fi),Yes,No,Yes,Yes,https://www.google.com/menu,"https://www.google.com/order-ahead-1, https://www.google.com/order-ahead-2"
9,My Business,"101 Sul, Avenida NS 1, Conjunto 2, Lote 3",,,,,Plano Piloto Sul,Palmas,TO,BR,77015-973,,,(11) 2345-6798,"(11) 2345-6799, (11) 2345-6800",https://www.google.com,Restaurant,"Ice cream shop,Pizza delivery",,09:00-17:00,09:00-17:00,09:00-17:00,09:00-17:00,09:00-17:00,23:00-02:00,"2026-12-31: 05:00-23:00, 2027-01-01: x","We are an independent ice cream shop located steps from the center of town, and are proud to be the favorite for locals to meet friends for a cone or call for a fresh pizza, delivered straight to their home. We serve 35 flavors of homemade, hand-churned ice creams and sorbets year-round, and the pizza oven turns out New York-style pies every day from midday until close. Come see us today!",,https://www.gstatic.com/images/branding/product/2x/google_my_business_512dp.png,https://lh5.googleusercontent.com/-PHmqjc_EgoM/Vo1zG1aivdI/AAAAAAAAMdc/QiMFMYVulFsnyBNr8f82we9tmZ9_VSb-w/w2048-h1152-no/02-coverphotos-googleplus.png,"https://www.gstatic.com/images/branding/product/2x/google_plus_512dp.png, https://www.gstatic.com/images/branding/product/1x/chrome_512dp.png","High-traffic, Recently opened",(11) 2345-6802,Free (free_wi_fi),Yes,,No,Yes,https://www.google.com/menu,"https://www.google.com/order-ahead-1, https://www.google.com/order-ahead-2"
10,My Business,"Av. Montreal, Qd.4, Lt.9, 53",,,,,Residencial Canadá,Goiânia,GO,BR,74370-610,,,(11) 2345-6799,"(11) 2345-6800, (11) 2345-6801",https://www.google.com,Restaurant,"Ice cream shop,Pizza delivery",,09:00-17:00,09:00-17:00,09:00-17:00,09:00-17:00,09:00-17:00,23:00-02:00,"2026-12-31: 05:00-23:00, 2027-01-01: x","We are an independent ice cream shop located steps from the center of town, and are proud to be the favorite for locals to meet friends for a cone or call for a fresh pizza, delivered straight to their home. We serve 35 flavors of homemade, hand-churned ice creams and sorbets year-round, and the pizza oven turns out New York-style pies every day from midday until close. Come see us today!",,https://www.gstatic.com/images/branding/product/2x/google_my_business_512dp.png,https://lh5.googleusercontent.com/-PHmqjc_EgoM/Vo1zG1aivdI/AAAAAAAAMdc/QiMFMYVulFsnyBNr8f82we9tmZ9_VSb-w/w2048-h1152-no/02-coverphotos-googleplus.png,"https://www.gstatic.com/images/branding/product/2x/google_plus_512dp.png, https://www.gstatic.com/images/branding/product/1x/chrome_512dp.png","High-traffic, Recently opened",(11) 2345-6803,Free (free_wi_fi),Yes,Yes,No,Yes,https://www.google.com/menu,"https://www.google.com/order-ahead-1, https://www.google.com/order-ahead-2"
11,My Business,"Rodovia BR-020, Km 3 ",,,,,Morada Nobre,Barreiras,BA,BR,47810-902,,,(11) 2345-6800,"(11) 2345-6801, (11) 2345-6802",https://www.google.com,Restaurant,"Ice cream shop,Pizza delivery",,09:00-17:00,09:00-17:00,09:00-17:00,09:00-17:00,09:00-17:00,23:00-02:00,"2026-12-31: 05:00-23:00, 2027-01-01: x","We are an independent ice cream shop located steps from the center of town, and are proud to be the favorite for locals to meet friends for a cone or call for a fresh pizza, delivered straight to their home. We serve 35 flavors of homemade, hand-churned ice creams and sorbets year-round, and the pizza oven turns out New York-style pies every day from midday until close. Come see us today!",,https://www.gstatic.com/images/branding/product/2x/google_my_business_512dp.png,https://lh5.googleusercontent.com/-PHmqjc_EgoM/Vo1zG1aivdI/AAAAAAAAMdc/QiMFMYVulFsnyBNr8f82we9tmZ9_VSb-w/w2048-h1152-no/02-coverphotos-googleplus.png,"https://www.gstatic.com/images/branding/product/2x/google_plus_512dp.png, https://www.gstatic.com/images/branding/product/1x/chrome_512dp.png","High-traffic, Recently opened",(11) 2345-6804,Free (free_wi_fi),Yes,No,,Yes,https://www.google.com/menu,"https://www.google.com/order-ahead-1, https://www.google.com/order-ahead-2"
12,My Business,"Av. Vinte de Janeiro, s/nº",,,,,Galeão,Rio de Janeiro,RJ,BR,21942-900,,,(11) 2345-6801,"(11) 2345-6802, (11) 2345-6803",https://www.google.com,Restaurant,"Ice cream shop,Pizza delivery",,09:00-17:00,09:00-17:00,09:00-17:00,09:00-17:00,09:00-17:00,23:00-02:00,"2026-12-31: 05:00-23:00, 2027-01-01: x","We are an independent ice cream shop located steps from the center of town, and are proud to be the favorite for locals to meet friends for a cone or call for a fresh pizza, delivered straight to their home. We serve 35 flavors of homemade, hand-churned ice creams and sorbets year-round, and the pizza oven turns out New York-style pies every day from midday until close. Come see us today!",,https://www.gstatic.com/images/branding/product/2x/google_my_business_512dp.png,https://lh5.googleusercontent.com/-PHmqjc_EgoM/Vo1zG1aivdI/AAAAAAAAMdc/QiMFMYVulFsnyBNr8f82we9tmZ9_VSb-w/w2048-h1152-no/02-coverphotos-googleplus.png,"https://www.gstatic.com/images/branding/product/2x/google_plus_512dp.png, https://www.gstatic.com/images/branding/product/1x/chrome_512dp.png","High-traffic, Recently opened",(11) 2345-6805,Free (free_wi_fi),Yes,,,Yes,https://www.google.com/menu,"https://www.google.com/order-ahead-1, https://www.google.com/order-ahead-2"
13,My Business,"1253, avenue McGill College",,,,,,Montréal,QC,CA,H3B 2Y5,,,(506) 234-5691,"(506) 234-5692, (506) 234-5693",https://www.google.com,Restaurant,"Ice cream shop,Pizza delivery",,09:00-17:00,09:00-17:00,09:00-17:00,09:00-17:00,09:00-17:00,23:00-02:00,"2026-12-31: 05:00-23:00, 2027-01-01: x","We are an independent ice cream shop located steps from the center of town, and are proud to be the favorite for locals to meet friends for a cone or call for a fresh pizza, delivered straight to their home. We serve 35 flavors of homemade, hand-churned ice creams and sorbets year-round, and the pizza oven turns out New York-style pies every day from midday until close. Come see us today!",,https://www.gstatic.com/images/branding/product/2x/google_my_business_512dp.png,https://lh5.googleusercontent.com/-PHmqjc_EgoM/Vo1zG1aivdI/AAAAAAAAMdc/QiMFMYVulFsnyBNr8f82we9tmZ9_VSb-w/w2048-h1152-no/02-coverphotos-googleplus.png,"https://www.gstatic.com/images/branding/product/2x/google_plus_512dp.png, https://www.gstatic.com/images/branding/product/1x/chrome_512dp.png","High-traffic, Recently opened",(506) 234-5695,Free (free_wi_fi),Yes,Yes,Yes,Yes,https://www.google.com/menu,"https://www.google.com/order-ahead-1, https://www.google.com/order-ahead-2"
14,My Business,"2705, boulevard Laurier, bureau 500",,,,,,Québec,QC,CA,G1V 4G2,,,(506) 234-5692,"(506) 234-5693, (506) 234-5694",https://www.google.com,Restaurant,"Ice cream shop,Pizza delivery",,09:00-17:00,09:00-17:00,09:00-17:00,09:00-17:00,09:00-17:00,23:00-02:00,"2026-12-31: 05:00-23:00, 2027-01-01: x","We are an independent ice cream shop located steps from the center of town, and are proud to be the favorite for locals to meet friends for a cone or call for a fresh pizza, delivered straight to their home. We serve 35 flavors of homemade, hand-churned ice creams and sorbets year-round, and the pizza oven turns out New York-style pies every day from midday until close. Come see us today!",,https://www.gstatic.com/images/branding/product/2x/google_my_business_512dp.png,https://lh5.googleusercontent.com/-PHmqjc_EgoM/Vo1zG1aivdI/AAAAAAAAMdc/QiMFMYVulFsnyBNr8f82we9tmZ9_VSb-w/w2048-h1152-no/02-coverphotos-googleplus.png,"https://www.gstatic.com/images/branding/product/2x/google_plus_512dp.png, https://www.gstatic.com/images/branding/product/1x/chrome_512dp.png","High-traffic, Recently opened",(506) 234-5696,Free (free_wi_fi),Yes,No,Yes,Yes,https://www.google.com/menu,"https://www.google.com/order-ahead-1, https://www.google.com/order-ahead-2"
15,My Business,"7151, rue Jean-Talon est, 8e étage",,,,,,Anjou,QC,CA,H1M 3N8,,,(506) 234-5693,"(506) 234-5694, (506) 234-5695",https://www.google.com,Restaurant,"Ice cream shop,Pizza delivery",,09:00-17:00,09:00-17:00,09:00-17:00,09:00-17:00,09:00-17:00,23:00-02:00,"2026-12-31: 05:00-23:00, 2027-01-01: x","We are an independent ice cream shop located steps from the center of town, and are proud to be the favorite for locals to meet friends for a cone or call for a fresh pizza, delivered straight to their home. We serve 35 flavors of homemade, hand-churned ice creams and sorbets year-round, and the pizza oven turns out New York-style pies every day from midday until close. Come see us today!",,https://www.gstatic.com/images/branding/product/2x/google_my_business_512dp.png,https://lh5.googleusercontent.com/-PHmqjc_EgoM/Vo1zG1aivdI/AAAAAAAAMdc/QiMFMYVulFsnyBNr8f82we9tmZ9_VSb-w/w2048-h1152-no/02-coverphotos-googleplus.png,"https://www.gstatic.com/images/branding/product/2x/google_plus_512dp.png, https://www.gstatic.com/images/branding/product/1x/chrome_512dp.png","High-traffic, Recently opened",(506) 234-5697,Free (free_wi_fi),Yes,,No,Yes,https://www.google.com/menu,"https://www.google.com/order-ahead-1, https://www.google.com/order-ahead-2"
16,My Business,Pasaje Veracruz 1098,,,,,,Antogagasta,II Región,CL,,,,600 123 472,"600 123 473, 600 123 474",https://www.google.com,Restaurant,"Ice cream shop,Pizza delivery",,09:00-17:00,09:00-17:00,09:00-17:00,09:00-17:00,09:00-17:00,23:00-02:00,"2026-12-31: 05:00-23:00, 2027-01-01: x","We are an independent ice cream shop located steps from the center of town, and are proud to be the favorite for locals to meet friends for a cone or call for a fresh pizza, delivered straight to their home. We serve 35 flavors of homemade, hand-churned ice creams and sorbets year-round, and the pizza oven turns out New York-style pies every day from midday until close. Come see us today!",,https://www.gstatic.com/images/branding/product/2x/google_my_business_512dp.png,https://lh5.googleusercontent.com/-PHmqjc_EgoM/Vo1zG1aivdI/AAAAAAAAMdc/QiMFMYVulFsnyBNr8f82we9tmZ9_VSb-w/w2048-h1152-no/02-coverphotos-googleplus.png,"https://www.gstatic.com/images/branding/product/2x/google_plus_512dp.png, https://www.gstatic.com/images/branding/product/1x/chrome_512dp.png","High-traffic, Recently opened",600 123 476,Free (free_wi_fi),Yes,Yes,No,Yes,https://www.google.com/menu,"https://www.google.com/order-ahead-1, https://www.google.com/order-ahead-2"
17,My Business,Camino Agua del Carrizal 9472,,,,,,Santiago,Región Metropolitana,CL,,,,600 123 473,"600 123 474, 600 123 475",https://www.google.com,Restaurant,"Ice cream shop,Pizza delivery",,09:00-17:00,09:00-17:00,09:00-17:00,09:00-17:00,09:00-17:00,23:00-02:00,"2026-12-31: 05:00-23:00, 2027-01-01: x","We are an independent ice cream shop located steps from the center of town, and are proud to be the favorite for locals to meet friends for a cone or call for a fresh pizza, delivered straight to their home. We serve 35 flavors of homemade, hand-churned ice creams and sorbets year-round, and the pizza oven turns out New York-style pies every day from midday until close. Come see us today!",,https://www.gstatic.com/images/branding/product/2x/google_my_business_512dp.png,https://lh5.googleusercontent.com/-PHmqjc_EgoM/Vo1zG1aivdI/AAAAAAAAMdc/QiMFMYVulFsnyBNr8f82we9tmZ9_VSb-w/w2048-h1152-no/02-coverphotos-googleplus.png,"https://www.gstatic.com/images/branding/product/2x/google_plus_512dp.png, https://www.gstatic.com/images/branding/product/1x/chrome_512dp.png","High-traffic, Recently opened",600 123 477,Free (free_wi_fi),Yes,No,,Yes,https://www.google.com/menu,"https://www.google.com/order-ahead-1, https://www.google.com/order-ahead-2"
18,My Business,Calle 70 #6-09,,,,,,,Bogotá,CO,,,,(601) 2345696,"(601) 2345697, (601) 2345698",https://www.google.com,Restaurant,"Ice cream shop,Pizza delivery",,09:00-17:00,09:00-17:00,09:00-17:00,09:00-17:00,09:00-17:00,23:00-02:00,"2026-12-31: 05:00-23:00, 2027-01-01: x","We are an independent ice cream shop located steps from the center of town, and are proud to be the favorite for locals to meet friends for a cone or call for a fresh pizza, delivered straight to their home. We serve 35 flavors of homemade, hand-churned ice creams and sorbets year-round, and the pizza oven turns out New York-style pies every day from midday until close. Come see us today!",,https://www.gstatic.com/images/branding/product/2x/google_my_business_512dp.png,https://lh5.googleusercontent.com/-PHmqjc_EgoM/Vo1zG1aivdI/AAAAAAAAMdc/QiMFMYVulFsnyBNr8f82we9tmZ9_VSb-w/w2048-h1152-no/02-coverphotos-googleplus.png,"https://www.gstatic.com/images/branding/product/2x/google_plus_512dp.png, https://www.gstatic.com/images/branding/product/1x/chrome_512dp.png","High-traffic, Recently opened",(601) 2345700,Free (free_wi_fi),Yes,,,Yes,https://www.google.com/menu,"https://www.google.com/order-ahead-1, https://www.google.com/order-ahead-2"
19,My Business,Kaufinger Straße 32,,,,,,München,,DE,80331,,,030 123475,"030 123476, 030 123477",https://www.google.com,Restaurant,"Ice cream shop,Pizza delivery",,09:00-17:00,09:00-17:00,09:00-17:00,09:00-17:00,09:00-17:00,23:00-02:00,"2026-12-31: 05:00-23:00, 2027-01-01: x","We are an independent ice cream shop located steps from the center of town, and are proud to be the favorite for locals to meet friends for a cone or call for a fresh pizza, delivered straight to their home. We serve 35 flavors of homemade, hand-churned ice creams and sorbets year-round, and the pizza oven turns out New York-style pies every day from midday until close. Come see us today!",,https://www.gstatic.com/images/branding/product/2x/google_my_business_512dp.png,https://lh5.googleusercontent.com/-PHmqjc_EgoM/Vo1zG1aivdI/AAAAAAAAMdc/QiMFMYVulFsnyBNr8f82we9tmZ9_VSb-w/w2048-h1152-no/02-coverphotos-googleplus.png,"https://www.gstatic.com/images/branding/product/2x/google_plus_512dp.png, https://www.gstatic.com/images/branding/product/1x/chrome_512dp.png","High-traffic, Recently opened",030 123479,Free (free_wi_fi),Yes,Yes,Yes,Yes,https://www.google.com/menu,"https://www.google.com/order-ahead-1, https://www.google.com/order-ahead-2"
20,My Business,Sand 38,,,,,,Hamburg,,DE,21073,,,030 123476,"030 123477, 030 123478",https://www.google.com,Restaurant,"Ice cream shop,Pizza delivery",,09:00-17:00,09:00-17:00,09:00-17:00,09:00-17:00,09:00-17:00,23:00-02:00,"2026-12-31: 05:00-23:00, 2027-01-01: x","We are an independent ice cream shop located steps from the center of town, and are proud to be the favorite for locals to meet friends for a cone or call for a fresh pizza, delivered straight to their home. We serve 35 flavors of homemade, hand-churned ice creams and sorbets year-round, and the pizza oven turns out New York-style pies every day from midday until close. Come see us today!",,https://www.gstatic.com/images/branding/product/2x/google_my_business_512dp.png,https://lh5.googleusercontent.com/-PHmqjc_EgoM/Vo1zG1aivdI/AAAAAAAAMdc/QiMFMYVulFsnyBNr8f82we9tmZ9_VSb-w/w2048-h1152-no/02-coverphotos-googleplus.png,"https://www.gstatic.com/images/branding/product/2x/google_plus_512dp.png, https://www.gstatic.com/images/branding/product/1x/chrome_512dp.png","High-traffic, Recently opened",030 123480,Free (free_wi_fi),Yes,No,Yes,Yes,https://www.google.com/menu,"https://www.google.com/order-ahead-1, https://www.google.com/order-ahead-2"
21,My Business,Amtsfeldstraße 74b,,,,,,Wernigerode,,DE,38855,,,030 123477,"030 123478, 030 123479",https://www.google.com,Restaurant,"Ice cream shop,Pizza delivery",,09:00-17:00,09:00-17:00,09:00-17:00,09:00-17:00,09:00-17:00,23:00-02:00,"2026-12-31: 05:00-23:00, 2027-01-01: x","We are an independent ice cream shop located steps from the center of town, and are proud to be the favorite for locals to meet friends for a cone or call for a fresh pizza, delivered straight to their home. We serve 35 flavors of homemade, hand-churned ice creams and sorbets year-round, and the pizza oven turns out New York-style pies every day from midday until close. Come see us today!",,https://www.gstatic.com/images/branding/product/2x/google_my_business_512dp.png,https://lh5.googleusercontent.com/-PHmqjc_EgoM/Vo1zG1aivdI/AAAAAAAAMdc/QiMFMYVulFsnyBNr8f82we9tmZ9_VSb-w/w2048-h1152-no/02-coverphotos-googleplus.png,"https://www.gstatic.com/images/branding/product/2x/google_plus_512dp.png, https://www.gstatic.com/images/branding/product/1x/chrome_512dp.png","High-traffic, Recently opened",030 123481,Free (free_wi_fi),Yes,,No,Yes,https://www.google.com/menu,"https://www.google.com/order-ahead-1, https://www.google.com/order-ahead-2"
22,My Business,Bleibtreustraße 125c,,,,,,Berlin,,DE,10625,,,030 123478,"030 123479, 030 123480",https://www.google.com,Restaurant,"Ice cream shop,Pizza delivery",,09:00-17:00,09:00-17:00,09:00-17:00,09:00-17:00,09:00-17:00,23:00-02:00,"2026-12-31: 05:00-23:00, 2027-01-01: x","We are an independent ice cream shop located steps from the center of town, and are proud to be the favorite for locals to meet friends for a cone or call for a fresh pizza, delivered straight to their home. We serve 35 flavors of homemade, hand-churned ice creams and sorbets year-round, and the pizza oven turns out New York-style pies every day from midday until close. Come see us today!",,https://www.gstatic.com/images/branding/product/2x/google_my_business_512dp.png,https://lh5.googleusercontent.com/-PHmqjc_EgoM/Vo1zG1aivdI/AAAAAAAAMdc/QiMFMYVulFsnyBNr8f82we9tmZ9_VSb-w/w2048-h1152-no/02-coverphotos-googleplus.png,"https://www.gstatic.com/images/branding/product/2x/google_plus_512dp.png, https://www.gstatic.com/images/branding/product/1x/chrome_512dp.png","High-traffic, Recently opened",030 123482,Free (free_wi_fi),Yes,Yes,No,Yes,https://www.google.com/menu,"https://www.google.com/order-ahead-1, https://www.google.com/order-ahead-2"
23,My Business,"Calle Sonrisa, 4",,,,,,Alcobendas,Madrid,ES,28100,,,810 12 34 79,"810 12 34 80, 810 12 34 81",https://www.google.com,Restaurant,"Ice cream shop,Pizza delivery",,09:00-17:00,09:00-17:00,09:00-17:00,09:00-17:00,09:00-17:00,23:00-02:00,"2026-12-31: 05:00-23:00, 2027-01-01: x","We are an independent ice cream shop located steps from the center of town, and are proud to be the favorite for locals to meet friends for a cone or call for a fresh pizza, delivered straight to their home. We serve 35 flavors of homemade, hand-churned ice creams and sorbets year-round, and the pizza oven turns out New York-style pies every day from midday until close. Come see us today!",,https://www.gstatic.com/images/branding/product/2x/google_my_business_512dp.png,https://lh5.googleusercontent.com/-PHmqjc_EgoM/Vo1zG1aivdI/AAAAAAAAMdc/QiMFMYVulFsnyBNr8f82we9tmZ9_VSb-w/w2048-h1152-no/02-coverphotos-googleplus.png,"https://www.gstatic.com/images/branding/product/2x/google_plus_512dp.png, https://www.gstatic.com/images/branding/product/1x/chrome_512dp.png","High-traffic, Recently opened",810 12 34 83,Free (free_wi_fi),Yes,No,,Yes,https://www.google.com/menu,"https://www.google.com/order-ahead-1, https://www.google.com/order-ahead-2"
24,My Business,Calle La Flor s/n,,,,,,San Sebastian de los Reyes,Castellón,ES,28700,,,810 12 34 80,"810 12 34 81, 810 12 34 82",https://www.google.com,Restaurant,"Ice cream shop,Pizza delivery",,09:00-17:00,09:00-17:00,09:00-17:00,09:00-17:00,09:00-17:00,23:00-02:00,"2026-12-31: 05:00-23:00, 2027-01-01: x","We are an independent ice cream shop located steps from the center of town, and are proud to be the favorite for locals to meet friends for a cone or call for a fresh pizza, delivered straight to their home. We serve 35 flavors of homemade, hand-churned ice creams and sorbets year-round, and the pizza oven turns out New York-style pies every day from midday until close. Come see us today!",,https://www.gstatic.com/images/branding/product/2x/google_my_business_512dp.png,https://lh5.googleusercontent.com/-PHmqjc_EgoM/Vo1zG1aivdI/AAAAAAAAMdc/QiMFMYVulFsnyBNr8f82we9tmZ9_VSb-w/w2048-h1152-no/02-coverphotos-googleplus.png,"https://www.gstatic.com/images/branding/product/2x/google_plus_512dp.png, https://www.gstatic.com/images/branding/product/1x/chrome_512dp.png","High-traffic, Recently opened",810 12 34 84,Free (free_wi_fi),Yes,,,Yes,https://www.google.com/menu,"https://www.google.com/order-ahead-1, https://www.google.com/order-ahead-2"
25,My Business,"Calle Luis Jorge Castaños, 23, 4ºD",,,,,,Talamanca del Jarama,Madrid,ES,28160,,,810 12 34 81,"810 12 34 82, 810 12 34 83",https://www.google.com,Restaurant,"Ice cream shop,Pizza delivery",,09:00-17:00,09:00-17:00,09:00-17:00,09:00-17:00,09:00-17:00,23:00-02:00,"2026-12-31: 05:00-23:00, 2027-01-01: x","We are an independent ice cream shop located steps from the center of town, and are proud to be the favorite for locals to meet friends for a cone or call for a fresh pizza, delivered straight to their home. We serve 35 flavors of homemade, hand-churned ice creams and sorbets year-round, and the pizza oven turns out New York-style pies every day from midday until close. Come see us today!",,https://www.gstatic.com/images/branding/product/2x/google_my_business_512dp.png,https://lh5.googleusercontent.com/-PHmqjc_EgoM/Vo1zG1aivdI/AAAAAAAAMdc/QiMFMYVulFsnyBNr8f82we9tmZ9_VSb-w/w2048-h1152-no/02-coverphotos-googleplus.png,"https://www.gstatic.com/images/branding/product/2x/google_plus_512dp.png, https://www.gstatic.com/images/branding/product/1x/chrome_512dp.png","High-traffic, Recently opened",810 12 34 85,Free (free_wi_fi),Yes,Yes,Yes,Yes,https://www.google.com/menu,"https://www.google.com/order-ahead-1, https://www.google.com/order-ahead-2"
26,My Business,"Catasós, 28",,,,,,Lalín,Pontevedra,ES,26518,,,810 12 34 82,"810 12 34 83, 810 12 34 84",https://www.google.com,Restaurant,"Ice cream shop,Pizza delivery",,09:00-17:00,09:00-17:00,09:00-17:00,09:00-17:00,09:00-17:00,23:00-02:00,"2026-12-31: 05:00-23:00, 2027-01-01: x","We are an independent ice cream shop located steps from the center of town, and are proud to be the favorite for locals to meet friends for a cone or call for a fresh pizza, delivered straight to their home. We serve 35 flavors of homemade, hand-churned ice creams and sorbets year-round, and the pizza oven turns out New York-style pies every day from midday until close. Come see us today!",,https://www.gstatic.com/images/branding/product/2x/google_my_business_512dp.png,https://lh5.googleusercontent.com/-PHmqjc_EgoM/Vo1zG1aivdI/AAAAAAAAMdc/QiMFMYVulFsnyBNr8f82we9tmZ9_VSb-w/w2048-h1152-no/02-coverphotos-googleplus.png,"https://www.gstatic.com/images/branding/product/2x/google_plus_512dp.png, https://www.gstatic.com/images/branding/product/1x/chrome_512dp.png","High-traffic, Recently opened",810 12 34 86,Free (free_wi_fi),Yes,No,Yes,Yes,https://www.google.com/menu,"https://www.google.com/order-ahead-1, https://www.google.com/order-ahead-2"
27,My Business,"Carretera N-340, Km-1053",,,,,,Vinaroz,Castellón,ES,12500,,,810 12 34 83,"810 12 34 84, 810 12 34 85",https://www.google.com,Restaurant,"Ice cream shop,Pizza delivery",,09:00-17:00,09:00-17:00,09:00-17:00,09:00-17:00,09:00-17:00,23:00-02:00,"2026-12-31: 05:00-23:00, 2027-01-01: x","We are an independent ice cream shop located steps from the center of town, and are proud to be the favorite for locals to meet friends for a cone or call for a fresh pizza, delivered straight to their home. We serve 35 flavors of homemade, hand-churned ice creams and sorbets year-round, and the pizza oven turns out New York-style pies every day from midday until close. Come see us today!",,https://www.gstatic.com/images/branding/product/2x/google_my_business_512dp.png,https://lh5.googleusercontent.com/-PHmqjc_EgoM/Vo1zG1aivdI/AAAAAAAAMdc/QiMFMYVulFsnyBNr8f82we9tmZ9_VSb-w/w2048-h1152-no/02-coverphotos-googleplus.png,"https://www.gstatic.com/images/branding/product/2x/google_plus_512dp.png, https://www.gstatic.com/images/branding/product/1x/chrome_512dp.png","High-traffic, Recently opened",810 12 34 87,Free (free_wi_fi),Yes,,No,Yes,https://www.google.com/menu,"https://www.google.com/order-ahead-1, https://www.google.com/order-ahead-2"
28,My Business,Isokatu 1401,,,,,,Kokkola,,FI,66100,,,013 1234595,"013 1234596, 013 1234597",https://www.google.com,Restaurant,"Ice cream shop,Pizza delivery",,09:00-17:00,09:00-17:00,09:00-17:00,09:00-17:00,09:00-17:00,23:00-02:00,"2026-12-31: 05:00-23:00, 2027-01-01: x","We are an independent ice cream shop located steps from the center of town, and are proud to be the favorite for locals to meet friends for a cone or call for a fresh pizza, delivered straight to their home. We serve 35 flavors of homemade, hand-churned ice creams and sorbets year-round, and the pizza oven turns out New York-style pies every day from midday until close. Come see us today!",,https://www.gstatic.com/images/branding/product/2x/google_my_business_512dp.png,https://lh5.googleusercontent.com/-PHmqjc_EgoM/Vo1zG1aivdI/AAAAAAAAMdc/QiMFMYVulFsnyBNr8f82we9tmZ9_VSb-w/w2048-h1152-no/02-coverphotos-googleplus.png,"https://www.gstatic.com/images/branding/product/2x/google_plus_512dp.png, https://www.gstatic.com/images/branding/product/1x/chrome_512dp.png","High-traffic, Recently opened",013 1234599,Free (free_wi_fi),Yes,Yes,No,Yes,https://www.google.com/menu,"https://www.google.com/order-ahead-1, https://www.google.com/order-ahead-2"
29,My Business,ZI des Rosiers,Bâtiment 5,"18, Rue Albert Riot",,,,Toulouse,,FR,68590,,,01 23 45 68 18,"01 23 45 68 19, 01 23 45 68 20",https://www.google.com,Restaurant,"Ice cream shop,Pizza delivery",,09:00-17:00,09:00-17:00,09:00-17:00,09:00-17:00,09:00-17:00,23:00-02:00,"2026-12-31: 05:00-23:00, 2027-01-01: x","We are an independent ice cream shop located steps from the center of town, and are proud to be the favorite for locals to meet friends for a cone or call for a fresh pizza, delivered straight to their home. We serve 35 flavors of homemade, hand-churned ice creams and sorbets year-round, and the pizza oven turns out New York-style pies every day from midday until close. Come see us today!",,https://www.gstatic.com/images/branding/product/2x/google_my_business_512dp.png,https://lh5.googleusercontent.com/-PHmqjc_EgoM/Vo1zG1aivdI/AAAAAAAAMdc/QiMFMYVulFsnyBNr8f82we9tmZ9_VSb-w/w2048-h1152-no/02-coverphotos-googleplus.png,"https://www.gstatic.com/images/branding/product/2x/google_plus_512dp.png, https://www.gstatic.com/images/branding/product/1x/chrome_512dp.png","High-traffic, Recently opened",01 23 45 68 22,Free (free_wi_fi),Yes,No,,Yes,https://www.google.com/menu,"https://www.google.com/order-ahead-1, https://www.google.com/order-ahead-2"
30,My Business,Centre Commercial de la Plaine,"15, Rue des Chaux",BP 25 or CS 25,,,,La Défense,,FR,92092,,,01 23 45 68 19,"01 23 45 68 20, 01 23 45 68 21",https://www.google.com,Restaurant,"Ice cream shop,Pizza delivery",,09:00-17:00,09:00-17:00,09:00-17:00,09:00-17:00,09:00-17:00,23:00-02:00,"2026-12-31: 05:00-23:00, 2027-01-01: x","We are an independent ice cream shop located steps from the center of town, and are proud to be the favorite for locals to meet friends for a cone or call for a fresh pizza, delivered straight to their home. We serve 35 flavors of homemade, hand-churned ice creams and sorbets year-round, and the pizza oven turns out New York-style pies every day from midday until close. Come see us today!",,https://www.gstatic.com/images/branding/product/2x/google_my_business_512dp.png,https://lh5.googleusercontent.com/-PHmqjc_EgoM/Vo1zG1aivdI/AAAAAAAAMdc/QiMFMYVulFsnyBNr8f82we9tmZ9_VSb-w/w2048-h1152-no/02-coverphotos-googleplus.png,https://www.gstatic.com/images/branding/product/2x/google_plus_512dp.png,High-traffic,01 23 45 68 23,Paid (paid_wi_fi),No,,,No,https://www.google.com/menu,"https://www.google.com/order-ahead-1, https://www.google.com/order-ahead-2"
31,My Business,Parc d'Activités des Mimosas,"Bâtiment 2, Suite 124","1054, Rue des Fontaines",,,,Strasbourg,,FR,42520,,,01 23 45 68 20,"01 23 45 68 21, 01 23 45 68 22",https://www.google.com,Restaurant,"Ice cream shop,Pizza delivery",,09:00-17:00,09:00-17:00,09:00-17:00,09:00-17:00,09:00-17:00,23:00-02:00,"2026-12-31: 05:00-23:00, 2027-01-01: x","We are an independent ice cream shop located steps from the center of town, and are proud to be the favorite for locals to meet friends for a cone or call for a fresh pizza, delivered straight to their home. We serve 35 flavors of homemade, hand-churned ice creams and sorbets year-round, and the pizza oven turns out New York-style pies every day from midday until close. Come see us today!",,https://www.gstatic.com/images/branding/product/2x/google_my_business_512dp.png,https://lh5.googleusercontent.com/-PHmqjc_EgoM/Vo1zG1aivdI/AAAAAAAAMdc/QiMFMYVulFsnyBNr8f82we9tmZ9_VSb-w/w2048-h1152-no/02-coverphotos-googleplus.png,https://www.gstatic.com/images/branding/product/2x/google_plus_512dp.png,High-traffic,01 23 45 68 24,Paid (paid_wi_fi),No,Yes,Yes,No,https://www.google.com/menu,"https://www.google.com/order-ahead-1, https://www.google.com/order-ahead-2"
32,My Business,Zone Industrielle Blavozy,169 Avenue René Descartes,,,,,Blavozy,,FR,43700,,,01 23 45 68 21,"01 23 45 68 22, 01 23 45 68 23",https://www.google.com,Restaurant,"Ice cream shop,Pizza delivery",,09:00-17:00,09:00-17:00,09:00-17:00,09:00-17:00,09:00-17:00,23:00-02:00,"2026-12-31: 05:00-23:00, 2027-01-01: x","We are an independent ice cream shop located steps from the center of town, and are proud to be the favorite for locals to meet friends for a cone or call for a fresh pizza, delivered straight to their home. We serve 35 flavors of homemade, hand-churned ice creams and sorbets year-round, and the pizza oven turns out New York-style pies every day from midday until close. Come see us today!",,https://www.gstatic.com/images/branding/product/2x/google_my_business_512dp.png,https://lh5.googleusercontent.com/-PHmqjc_EgoM/Vo1zG1aivdI/AAAAAAAAMdc/QiMFMYVulFsnyBNr8f82we9tmZ9_VSb-w/w2048-h1152-no/02-coverphotos-googleplus.png,https://www.gstatic.com/images/branding/product/2x/google_plus_512dp.png,High-traffic,01 23 45 68 25,Paid (paid_wi_fi),No,No,Yes,No,https://www.google.com/menu,"https://www.google.com/order-ahead-1, https://www.google.com/order-ahead-2"
33,My Business,17 Avenue du Bourg,BP 95634,,,,,l'Isle d'Abeau,,FR,38081,,,01 23 45 68 22,"01 23 45 68 23, 01 23 45 68 24",https://www.google.com,Restaurant,"Ice cream shop,Pizza delivery",,09:00-17:00,09:00-17:00,09:00-17:00,09:00-17:00,09:00-17:00,23:00-02:00,"2026-12-31: 05:00-23:00, 2027-01-01: x","We are an independent ice cream shop located steps from the center of town, and are proud to be the favorite for locals to meet friends for a cone or call for a fresh pizza, delivered straight to their home. We serve 35 flavors of homemade, hand-churned ice creams and sorbets year-round, and the pizza oven turns out New York-style pies every day from midday until close. Come see us today!",,https://www.gstatic.com/images/branding/product/2x/google_my_business_512dp.png,https://lh5.googleusercontent.com/-PHmqjc_EgoM/Vo1zG1aivdI/AAAAAAAAMdc/QiMFMYVulFsnyBNr8f82we9tmZ9_VSb-w/w2048-h1152-no/02-coverphotos-googleplus.png,https://www.gstatic.com/images/branding/product/2x/google_plus_512dp.png,High-traffic,01 23 45 68 26,Paid (paid_wi_fi),No,,No,No,https://www.google.com/menu,"https://www.google.com/order-ahead-1, https://www.google.com/order-ahead-2"
34,My Business,1 Avenue Maréchal-Leclerc,Centre social La Résidence,Cité de la Caf,,,,Bourgoin,,FR,38000,,,01 23 45 68 23,"01 23 45 68 24, 01 23 45 68 25",https://www.google.com,Restaurant,"Ice cream shop,Pizza delivery",,09:00-17:00,09:00-17:00,09:00-17:00,09:00-17:00,09:00-17:00,23:00-02:00,"2026-12-31: 05:00-23:00, 2027-01-01: x","We are an independent ice cream shop located steps from the center of town, and are proud to be the favorite for locals to meet friends for a cone or call for a fresh pizza, delivered straight to their home. We serve 35 flavors of homemade, hand-churned ice creams and sorbets year-round, and the pizza oven turns out New York-style pies every day from midday until close. Come see us today!",,https://www.gstatic.com/images/branding/product/2x/google_my_business_512dp.png,https://lh5.googleusercontent.com/-PHmqjc_EgoM/Vo1zG1aivdI/AAAAAAAAMdc/QiMFMYVulFsnyBNr8f82we9tmZ9_VSb-w/w2048-h1152-no/02-coverphotos-googleplus.png,https://www.gstatic.com/images/branding/product/2x/google_plus_512dp.png,High-traffic,01 23 45 68 27,Paid (paid_wi_fi),No,Yes,No,No,https://www.google.com/menu,"https://www.google.com/order-ahead-1, https://www.google.com/order-ahead-2"
35,My Business,5 place de la Pyramide,Tour Ariane,La Defense 9,la Defense cedex,,,Paris,,FR,92800,,,01 23 45 68 24,"01 23 45 68 25, 01 23 45 68 26",https://www.google.com,Restaurant,"Ice cream shop,Pizza delivery",,09:00-17:00,09:00-17:00,09:00-17:00,09:00-17:00,09:00-17:00,23:00-02:00,"2026-12-31: 05:00-23:00, 2027-01-01: x","We are an independent ice cream shop located steps from the center of town, and are proud to be the favorite for locals to meet friends for a cone or call for a fresh pizza, delivered straight to their home. We serve 35 flavors of homemade, hand-churned ice creams and sorbets year-round, and the pizza oven turns out New York-style pies every day from midday until close. Come see us today!",,https://www.gstatic.com/images/branding/product/2x/google_my_business_512dp.png,https://lh5.googleusercontent.com/-PHmqjc_EgoM/Vo1zG1aivdI/AAAAAAAAMdc/QiMFMYVulFsnyBNr8f82we9tmZ9_VSb-w/w2048-h1152-no/02-coverphotos-googleplus.png,https://www.gstatic.com/images/branding/product/2x/google_plus_512dp.png,High-traffic,01 23 45 68 28,Paid (paid_wi_fi),No,No,,No,https://www.google.com/menu,"https://www.google.com/order-ahead-1, https://www.google.com/order-ahead-2"
36,My Business,1 Church Hill,,,,,,Bournemouth,,GB,BH1 1AA,,,0121 234 5714,"0121 234 5715, 0121 234 5716",https://www.google.com,Restaurant,"Ice cream shop,Pizza delivery",,09:00-17:00,09:00-17:00,09:00-17:00,09:00-17:00,09:00-17:00,23:00-02:00,"2026-12-31: 05:00-23:00, 2027-01-01: x","We are an independent ice cream shop located steps from the center of town, and are proud to be the favorite for locals to meet friends for a cone or call for a fresh pizza, delivered straight to their home. We serve 35 flavors of homemade, hand-churned ice creams and sorbets year-round, and the pizza oven turns out New York-style pies every day from midday until close. Come see us today!",,https://www.gstatic.com/images/branding/product/2x/google_my_business_512dp.png,https://lh5.googleusercontent.com/-PHmqjc_EgoM/Vo1zG1aivdI/AAAAAAAAMdc/QiMFMYVulFsnyBNr8f82we9tmZ9_VSb-w/w2048-h1152-no/02-coverphotos-googleplus.png,https://www.gstatic.com/images/branding/product/2x/google_plus_512dp.png,High-traffic,0121 234 5718,Paid (paid_wi_fi),No,,,No,https://www.google.com/menu,"https://www.google.com/order-ahead-1, https://www.google.com/order-ahead-2"
37,My Business,44 Newbridge Road,,,,,,"Newry, Co Down",,GB,BT35 8NT,,,0121 234 5715,"0121 234 5716, 0121 234 5717",https://www.google.com,Restaurant,"Ice cream shop,Pizza delivery",,09:00-17:00,09:00-17:00,09:00-17:00,09:00-17:00,09:00-17:00,23:00-02:00,"2026-12-31: 05:00-23:00, 2027-01-01: x","We are an independent ice cream shop located steps from the center of town, and are proud to be the favorite for locals to meet friends for a cone or call for a fresh pizza, delivered straight to their home. We serve 35 flavors of homemade, hand-churned ice creams and sorbets year-round, and the pizza oven turns out New York-style pies every day from midday until close. Come see us today!",,https://www.gstatic.com/images/branding/product/2x/google_my_business_512dp.png,https://lh5.googleusercontent.com/-PHmqjc_EgoM/Vo1zG1aivdI/AAAAAAAAMdc/QiMFMYVulFsnyBNr8f82we9tmZ9_VSb-w/w2048-h1152-no/02-coverphotos-googleplus.png,https://www.gstatic.com/images/branding/product/2x/google_plus_512dp.png,High-traffic,0121 234 5719,Paid (paid_wi_fi),No,Yes,Yes,No,https://www.google.com/menu,"https://www.google.com/order-ahead-1, https://www.google.com/order-ahead-2"
38,My Business,5 Downing St,,,,,,London,,GB,SW1A 2AA,,,0121 234 5716,"0121 234 5717, 0121 234 5718",https://www.google.com,Restaurant,"Ice cream shop,Pizza delivery",,09:00-17:00,09:00-17:00,09:00-17:00,09:00-17:00,09:00-17:00,23:00-02:00,"2026-12-31: 05:00-23:00, 2027-01-01: x","We are an independent ice cream shop located steps from the center of town, and are proud to be the favorite for locals to meet friends for a cone or call for a fresh pizza, delivered straight to their home. We serve 35 flavors of homemade, hand-churned ice creams and sorbets year-round, and the pizza oven turns out New York-style pies every day from midday until close. Come see us today!",,https://www.gstatic.com/images/branding/product/2x/google_my_business_512dp.png,https://lh5.googleusercontent.com/-PHmqjc_EgoM/Vo1zG1aivdI/AAAAAAAAMdc/QiMFMYVulFsnyBNr8f82we9tmZ9_VSb-w/w2048-h1152-no/02-coverphotos-googleplus.png,https://www.gstatic.com/images/branding/product/2x/google_plus_512dp.png,High-traffic,0121 234 5720,Paid (paid_wi_fi),No,No,Yes,No,https://www.google.com/menu,"https://www.google.com/order-ahead-1, https://www.google.com/order-ahead-2"
39,My Business,1A Lakeview Cottages,Station Road,,,,,Holt,,GB,NR25 7HG,,,0121 234 5717,"0121 234 5718, 0121 234 5719",https://www.google.com,Restaurant,"Ice cream shop,Pizza delivery",,09:00-17:00,09:00-17:00,09:00-17:00,09:00-17:00,09:00-17:00,23:00-02:00,"2026-12-31: 05:00-23:00, 2027-01-01: x","We are an independent ice cream shop located steps from the center of town, and are proud to be the favorite for locals to meet friends for a cone or call for a fresh pizza, delivered straight to their home. We serve 35 flavors of homemade, hand-churned ice creams and sorbets year-round, and the pizza oven turns out New York-style pies every day from midday until close. Come see us today!",,https://www.gstatic.com/images/branding/product/2x/google_my_business_512dp.png,https://lh5.googleusercontent.com/-PHmqjc_EgoM/Vo1zG1aivdI/AAAAAAAAMdc/QiMFMYVulFsnyBNr8f82we9tmZ9_VSb-w/w2048-h1152-no/02-coverphotos-googleplus.png,https://www.gstatic.com/images/branding/product/2x/google_plus_512dp.png,High-traffic,0121 234 5721,Paid (paid_wi_fi),No,,No,No,https://www.google.com/menu,"https://www.google.com/order-ahead-1, https://www.google.com/order-ahead-2"
40,My Business,Victoria House,11 The Street,,,,,Christchurch,,GB,BH23 6AA,,,0121 234 5718,"0121 234 5719, 0121 234 5720",https://www.google.com,Restaurant,"Ice cream shop,Pizza delivery",,09:00-17:00,09:00-17:00,09:00-17:00,09:00-17:00,09:00-17:00,23:00-02:00,"2026-12-31: 05:00-23:00, 2027-01-01: x","We are an independent ice cream shop located steps from the center of town, and are proud to be the favorite for locals to meet friends for a cone or call for a fresh pizza, delivered straight to their home. We serve 35 flavors of homemade, hand-churned ice creams and sorbets year-round, and the pizza oven turns out New York-style pies every day from midday until close. Come see us today!",,https://www.gstatic.com/images/branding/product/2x/google_my_business_512dp.png,https://lh5.googleusercontent.com/-PHmqjc_EgoM/Vo1zG1aivdI/AAAAAAAAMdc/QiMFMYVulFsnyBNr8f82we9tmZ9_VSb-w/w2048-h1152-no/02-coverphotos-googleplus.png,https://www.gstatic.com/images/branding/product/2x/google_plus_512dp.png,High-traffic,0121 234 5722,Paid (paid_wi_fi),No,Yes,No,No,https://www.google.com/menu,"https://www.google.com/order-ahead-1, https://www.google.com/order-ahead-2"
41,My Business,Stables Flat,The Manor,,,,,Horley,,GB,RH6 0HP,,,0121 234 5719,"0121 234 5720, 0121 234 5721",https://www.google.com,Restaurant,"Ice cream shop,Pizza delivery",,09:00-17:00,09:00-17:00,09:00-17:00,09:00-17:00,09:00-17:00,23:00-02:00,"2026-12-31: 05:00-23:00, 2027-01-01: x","We are an independent ice cream shop located steps from the center of town, and are proud to be the favorite for locals to meet friends for a cone or call for a fresh pizza, delivered straight to their home. We serve 35 flavors of homemade, hand-churned ice creams and sorbets year-round, and the pizza oven turns out New York-style pies every day from midday until close. Come see us today!",,https://www.gstatic.com/images/branding/product/2x/google_my_business_512dp.png,https://lh5.googleusercontent.com/-PHmqjc_EgoM/Vo1zG1aivdI/AAAAAAAAMdc/QiMFMYVulFsnyBNr8f82we9tmZ9_VSb-w/w2048-h1152-no/02-coverphotos-googleplus.png,https://www.gstatic.com/images/branding/product/2x/google_plus_512dp.png,High-traffic,0121 234 5723,Paid (paid_wi_fi),No,No,,No,https://www.google.com/menu,"https://www.google.com/order-ahead-1, https://www.google.com/order-ahead-2"
42,My Business,Castehill,,,,,,Edinburgh,,GB,EH1 2NG,,,0121 234 5720,"0121 234 5721, 0121 234 5722",https://www.google.com,Restaurant,"Ice cream shop,Pizza delivery",,09:00-17:00,09:00-17:00,09:00-17:00,09:00-17:00,09:00-17:00,23:00-02:00,"2026-12-31: 05:00-23:00, 2027-01-01: x","We are an independent ice cream shop located steps from the center of town, and are proud to be the favorite for locals to meet friends for a cone or call for a fresh pizza, delivered straight to their home. We serve 35 flavors of homemade, hand-churned ice creams and sorbets year-round, and the pizza oven turns out New York-style pies every day from midday until close. Come see us today!",,https://www.gstatic.com/images/branding/product/2x/google_my_business_512dp.png,https://lh5.googleusercontent.com/-PHmqjc_EgoM/Vo1zG1aivdI/AAAAAAAAMdc/QiMFMYVulFsnyBNr8f82we9tmZ9_VSb-w/w2048-h1152-no/02-coverphotos-googleplus.png,https://www.gstatic.com/images/branding/product/2x/google_plus_512dp.png,High-traffic,0121 234 5724,Paid (paid_wi_fi),No,,,No,https://www.google.com/menu,"https://www.google.com/order-ahead-1, https://www.google.com/order-ahead-2"
43,My Business,Address Management Centre,St George's Square,,,,,Portsmouth,,GB,PO1 3AX,,,0121 234 5721,"0121 234 5722, 0121 234 5723",https://www.google.com,Restaurant,"Ice cream shop,Pizza delivery",,09:00-17:00,09:00-17:00,09:00-17:00,09:00-17:00,09:00-17:00,23:00-02:00,"2026-12-31: 05:00-23:00, 2027-01-01: x","We are an independent ice cream shop located steps from the center of town, and are proud to be the favorite for locals to meet friends for a cone or call for a fresh pizza, delivered straight to their home. We serve 35 flavors of homemade, hand-churned ice creams and sorbets year-round, and the pizza oven turns out New York-style pies every day from midday until close. Come see us today!",,https://www.gstatic.com/images/branding/product/2x/google_my_business_512dp.png,https://lh5.googleusercontent.com/-PHmqjc_EgoM/Vo1zG1aivdI/AAAAAAAAMdc/QiMFMYVulFsnyBNr8f82we9tmZ9_VSb-w/w2048-h1152-no/02-coverphotos-googleplus.png,https://www.gstatic.com/images/branding/product/2x/google_plus_512dp.png,High-traffic,0121 234 5725,Paid (paid_wi_fi),No,Yes,Yes,No,https://www.google.com/menu,"https://www.google.com/order-ahead-1, https://www.google.com/order-ahead-2"
44,My Business,Jalan Mayjen Sungkono no. 108,,,,,,Surabaya,Jatim,ID,60224,,,(021) 8350167,"(021) 8350168, (021) 8350169",https://www.google.com,Restaurant,"Ice cream shop,Pizza delivery",,09:00-17:00,09:00-17:00,09:00-17:00,09:00-17:00,09:00-17:00,23:00-02:00,"2026-12-31: 05:00-23:00, 2027-01-01: x","We are an independent ice cream shop located steps from the center of town, and are proud to be the favorite for locals to meet friends for a cone or call for a fresh pizza, delivered straight to their home. We serve 35 flavors of homemade, hand-churned ice creams and sorbets year-round, and the pizza oven turns out New York-style pies every day from midday until close. Come see us today!",,https://www.gstatic.com/images/branding/product/2x/google_my_business_512dp.png,https://lh5.googleusercontent.com/-PHmqjc_EgoM/Vo1zG1aivdI/AAAAAAAAMdc/QiMFMYVulFsnyBNr8f82we9tmZ9_VSb-w/w2048-h1152-no/02-coverphotos-googleplus.png,https://www.gstatic.com/images/branding/product/2x/google_plus_512dp.png,High-traffic,(021) 8350171,Paid (paid_wi_fi),No,No,Yes,No,https://www.google.com/menu,"https://www.google.com/order-ahead-1, https://www.google.com/order-ahead-2"
45,My Business,"Jalan Green Boulevard no. 2, Araya",,,,,,Blimbing,"Polowijen, Malang, Jatim",ID,65126,,,(021) 8350168,"(021) 8350169, (021) 8350170",https://www.google.com,Restaurant,"Ice cream shop,Pizza delivery",,09:00-17:00,09:00-17:00,09:00-17:00,09:00-17:00,09:00-17:00,23:00-02:00,"2026-12-31: 05:00-23:00, 2027-01-01: x",,,https://www.gstatic.com/images/branding/product/2x/google_my_business_512dp.png,https://lh5.googleusercontent.com/-PHmqjc_EgoM/Vo1zG1aivdI/AAAAAAAAMdc/QiMFMYVulFsnyBNr8f82we9tmZ9_VSb-w/w2048-h1152-no/02-coverphotos-googleplus.png,https://www.gstatic.com/images/branding/product/2x/google_plus_512dp.png,High-traffic,(021) 8350172,Paid (paid_wi_fi),No,,No,No,,
46,My Business,Jl. RS. Fatmawati Raya No.100 F,,,,,,Cilandak,Jakarta Selatan - DKI Jakarta,ID,12430,-6.29146,106.799135,(021) 8350169,"(021) 8350170, (021) 8350171",https://www.google.com,Restaurant,"Ice cream shop,Pizza delivery",,09:00-17:00,09:00-17:00,09:00-17:00,09:00-17:00,09:00-17:00,23:00-02:00,"2026-12-31: 05:00-23:00, 2027-01-01: x",,,https://www.gstatic.com/images/branding/product/2x/google_my_business_512dp.png,https://lh5.googleusercontent.com/-PHmqjc_EgoM/Vo1zG1aivdI/AAAAAAAAMdc/QiMFMYVulFsnyBNr8f82we9tmZ9_VSb-w/w2048-h1152-no/02-coverphotos-googleplus.png,https://www.gstatic.com/images/branding/product/2x/google_plus_512dp.png,High-traffic,(021) 8350173,Paid (paid_wi_fi),No,Yes,No,No,,
47,My Business,Jl. Gowongan Kidul No.33 - 49,,,,,,Gedong Tengen,Sosromenduran - D.I. Yogyakarta,ID,55271,,,(021) 8350170,"(021) 8350171, (021) 8350172",https://www.google.com,Restaurant,"Ice cream shop,Pizza delivery",,09:00-17:00,09:00-17:00,09:00-17:00,09:00-17:00,09:00-17:00,23:00-02:00,"2026-12-31: 05:00-23:00, 2027-01-01: x",,,https://www.gstatic.com/images/branding/product/2x/google_my_business_512dp.png,https://lh5.googleusercontent.com/-PHmqjc_EgoM/Vo1zG1aivdI/AAAAAAAAMdc/QiMFMYVulFsnyBNr8f82we9tmZ9_VSb-w/w2048-h1152-no/02-coverphotos-googleplus.png,https://www.gstatic.com/images/branding/product/2x/google_plus_512dp.png,High-traffic,(021) 8350174,Paid (paid_wi_fi),No,No,,No,,
48,My Business,Graha Bumi Surabaya Lt. V,Jl. Basuki Rahmat no.106 - 128,,,,,Surabaya,Jatim,ID,61257,,,(021) 8350171,"(021) 8350172, (021) 8350173",https://www.google.com,Restaurant,"Ice cream shop,Pizza delivery",,09:00-17:00,09:00-17:00,09:00-17:00,09:00-17:00,09:00-17:00,23:00-02:00,"2026-12-31: 05:00-23:00, 2027-01-01: x",,,https://www.gstatic.com/images/branding/product/2x/google_my_business_512dp.png,https://lh5.googleusercontent.com/-PHmqjc_EgoM/Vo1zG1aivdI/AAAAAAAAMdc/QiMFMYVulFsnyBNr8f82we9tmZ9_VSb-w/w2048-h1152-no/02-coverphotos-googleplus.png,https://www.gstatic.com/images/branding/product/2x/google_plus_512dp.png,High-traffic,(021) 8350175,Paid (paid_wi_fi),No,,,No,,
49,My Business,Jl. Hadiah III/108,RT 03/ RW 08,,,,,Jelambar,Jakarta Barat - DKI Jakarta,ID,11460,-6.156901,106.790817,(021) 8350172,"(021) 8350173, (021) 8350174",https://www.google.com,Restaurant,"Ice cream shop,Pizza delivery",,09:00-17:00,09:00-17:00,09:00-17:00,09:00-17:00,09:00-17:00,23:00-02:00,"2026-12-31: 05:00-23:00, 2027-01-01: x",,,https://www.gstatic.com/images/branding/product/2x/google_my_business_512dp.png,https://lh5.googleusercontent.com/-PHmqjc_EgoM/Vo1zG1aivdI/AAAAAAAAMdc/QiMFMYVulFsnyBNr8f82we9tmZ9_VSb-w/w2048-h1152-no/02-coverphotos-googleplus.png,https://www.gstatic.com/images/branding/product/2x/google_plus_512dp.png,High-traffic,(021) 8350176,Paid (paid_wi_fi),No,Yes,Yes,No,,
50,My Business,Volkat House,Ground Floor,Westfield Estate,Off Warden Road,Near Mad Over Donuts,,Mumbai,MH,IN,400026,18.97081,72.812777,074104 10173,"074104 10174, 074104 10175",https://www.google.com,Restaurant,"Ice cream shop,Pizza delivery",,09:00-17:00,09:00-17:00,09:00-17:00,09:00-17:00,09:00-17:00,23:00-02:00,"2026-12-31: 05:00-23:00, 2027-01-01: x",,,https://www.gstatic.com/images/branding/product/2x/google_my_business_512dp.png,https://lh5.googleusercontent.com/-PHmqjc_EgoM/Vo1zG1aivdI/AAAAAAAAMdc/QiMFMYVulFsnyBNr8f82we9tmZ9_VSb-w/w2048-h1152-no/02-coverphotos-googleplus.png,https://www.gstatic.com/images/branding/product/2x/google_plus_512dp.png,High-traffic,074104 10177,Paid (paid_wi_fi),No,No,Yes,No,,
51,My Business,H. No. 9-5-503/F/17,Jawahar Colony,Jubliee Hills,Road No. 5,Near Yousufguda Stadium,,Hyderabad,TG,IN,500033,,,074104 10174,"074104 10175, 074104 10176",https://www.google.com,Restaurant,"Ice cream shop,Pizza delivery",,09:00-17:00,09:00-17:00,09:00-17:00,09:00-17:00,09:00-17:00,23:00-02:00,"2026-12-31: 05:00-23:00, 2027-01-01: x",,,https://www.gstatic.com/images/branding/product/2x/google_my_business_512dp.png,https://lh5.googleusercontent.com/-PHmqjc_EgoM/Vo1zG1aivdI/AAAAAAAAMdc/QiMFMYVulFsnyBNr8f82we9tmZ9_VSb-w/w2048-h1152-no/02-coverphotos-googleplus.png,https://www.gstatic.com/images/branding/product/2x/google_plus_512dp.png,High-traffic,074104 10178,Paid (paid_wi_fi),No,,No,No,,
52,My Business,Viale Europa 300,,,,,,Milano,MI,IT,20123,,,02 1234 5730,"02 1234 5731, 02 1234 5732",https://www.google.com,Restaurant,"Ice cream shop,Pizza delivery",,09:00-17:00,09:00-17:00,09:00-17:00,09:00-17:00,09:00-17:00,23:00-02:00,"2026-12-31: 05:00-23:00, 2027-01-01: x",,,https://www.gstatic.com/images/branding/product/2x/google_my_business_512dp.png,https://lh5.googleusercontent.com/-PHmqjc_EgoM/Vo1zG1aivdI/AAAAAAAAMdc/QiMFMYVulFsnyBNr8f82we9tmZ9_VSb-w/w2048-h1152-no/02-coverphotos-googleplus.png,https://www.gstatic.com/images/branding/product/2x/google_plus_512dp.png,High-traffic,02 1234 5734,Paid (paid_wi_fi),No,Yes,No,No,,
53,My Business,Interno 6 Piano 3,Via Aldo Moro 16,,,,,Chivasso,TO,IT,10034,,,02 1234 5731,"02 1234 5732, 02 1234 5733",https://www.google.com,Restaurant,"Ice cream shop,Pizza delivery",,09:00-17:00,09:00-17:00,09:00-17:00,09:00-17:00,09:00-17:00,23:00-02:00,"2026-12-31: 05:00-23:00, 2027-01-01: x",,,https://www.gstatic.com/images/branding/product/2x/google_my_business_512dp.png,https://lh5.googleusercontent.com/-PHmqjc_EgoM/Vo1zG1aivdI/AAAAAAAAMdc/QiMFMYVulFsnyBNr8f82we9tmZ9_VSb-w/w2048-h1152-no/02-coverphotos-googleplus.png,https://www.gstatic.com/images/branding/product/2x/google_plus_512dp.png,High-traffic,02 1234 5735,Paid (paid_wi_fi),No,No,,No,,
54,My Business,San Marco 277,,,,,,Venezia,VE,IT,30124,,,02 1234 5732,"02 1234 5733, 02 1234 5734",https://www.google.com,Restaurant,"Ice cream shop,Pizza delivery",,09:00-17:00,09:00-17:00,09:00-17:00,09:00-17:00,09:00-17:00,23:00-02:00,"2026-12-31: 05:00-23:00, 2027-01-01: x",,,https://www.gstatic.com/images/branding/product/2x/google_my_business_512dp.png,https://lh5.googleusercontent.com/-PHmqjc_EgoM/Vo1zG1aivdI/AAAAAAAAMdc/QiMFMYVulFsnyBNr8f82we9tmZ9_VSb-w/w2048-h1152-no/02-coverphotos-googleplus.png,https://www.gstatic.com/images/branding/product/2x/google_plus_512dp.png,High-traffic,02 1234 5736,Paid (paid_wi_fi),No,,,No,,
55,My Business,Calle Larga Contarina,San Marco 3345,,,,,Venezia,VE,IT,30124,,,02 1234 5733,"02 1234 5734, 02 1234 5735",https://www.google.com,Restaurant,"Ice cream shop,Pizza delivery",,09:00-17:00,09:00-17:00,09:00-17:00,09:00-17:00,09:00-17:00,23:00-02:00,"2026-12-31: 05:00-23:00, 2027-01-01: x",,,https://www.gstatic.com/images/branding/product/2x/google_my_business_512dp.png,https://lh5.googleusercontent.com/-PHmqjc_EgoM/Vo1zG1aivdI/AAAAAAAAMdc/QiMFMYVulFsnyBNr8f82we9tmZ9_VSb-w/w2048-h1152-no/02-coverphotos-googleplus.png,https://www.gstatic.com/images/branding/product/2x/google_plus_512dp.png,High-traffic,02 1234 5737,Paid (paid_wi_fi),No,Yes,Yes,No,,
56,My Business,Via Ghibellina 54r,,,,,,Firenze,FI,IT,50122,,,02 1234 5734,"02 1234 5735, 02 1234 5736",https://www.google.com,Restaurant,"Ice cream shop,Pizza delivery",,09:00-17:00,09:00-17:00,09:00-17:00,09:00-17:00,09:00-17:00,23:00-02:00,"2026-12-31: 05:00-23:00, 2027-01-01: x",,,https://www.gstatic.com/images/branding/product/2x/google_my_business_512dp.png,https://lh5.googleusercontent.com/-PHmqjc_EgoM/Vo1zG1aivdI/AAAAAAAAMdc/QiMFMYVulFsnyBNr8f82we9tmZ9_VSb-w/w2048-h1152-no/02-coverphotos-googleplus.png,https://www.gstatic.com/images/branding/product/2x/google_plus_512dp.png,High-traffic,02 1234 5738,Paid (paid_wi_fi),No,No,Yes,No,,
57,My Business,C/o Auchan Via Rovato 48,,,,,,Padova,PD,IT,35137,,,02 1234 5735,"02 1234 5736, 02 1234 5737",https://www.google.com,Restaurant,"Ice cream shop,Pizza delivery",,09:00-17:00,09:00-17:00,09:00-17:00,09:00-17:00,09:00-17:00,23:00-02:00,"2026-12-31: 05:00-23:00, 2027-01-01: x",,,https://www.gstatic.com/images/branding/product/2x/google_my_business_512dp.png,https://lh5.googleusercontent.com/-PHmqjc_EgoM/Vo1zG1aivdI/AAAAAAAAMdc/QiMFMYVulFsnyBNr8f82we9tmZ9_VSb-w/w2048-h1152-no/02-coverphotos-googleplus.png,https://www.gstatic.com/images/branding/product/2x/google_plus_512dp.png,High-traffic,02 1234 5739,Paid (paid_wi_fi),No,,No,No,,
58,My Business,Zona Industriale,Via del Progresso 40,,,,,Lecce,LE,IT,73100,,,02 1234 5736,"02 1234 5737, 02 1234 5738",https://www.google.com,Restaurant,"Ice cream shop,Pizza delivery",,09:00-17:00,09:00-17:00,09:00-17:00,09:00-17:00,09:00-17:00,23:00-02:00,"2026-12-31: 05:00-23:00, 2027-01-01: x",,,https://www.gstatic.com/images/branding/product/2x/google_my_business_512dp.png,https://lh5.googleusercontent.com/-PHmqjc_EgoM/Vo1zG1aivdI/AAAAAAAAMdc/QiMFMYVulFsnyBNr8f82we9tmZ9_VSb-w/w2048-h1152-no/02-coverphotos-googleplus.png,https://www.gstatic.com/images/branding/product/2x/google_plus_512dp.png,High-traffic,02 1234 5740,Paid (paid_wi_fi),No,Yes,No,No,,
59,My Business,札幌市中央区北４条西４−2,,,,,,,北海道,JP,060-0004,,,03-1234-5737,"03-1234-5738, 03-1234-5739",https://www.google.com,Restaurant,"Ice cream shop,Pizza delivery",,09:00-17:00,09:00-17:00,09:00-17:00,09:00-17:00,09:00-17:00,23:00-02:00,"2026-12-31: 05:00-23:00, 2027-01-01: x",,,https://www.gstatic.com/images/branding/product/2x/google_my_business_512dp.png,https://lh5.googleusercontent.com/-PHmqjc_EgoM/Vo1zG1aivdI/AAAAAAAAMdc/QiMFMYVulFsnyBNr8f82we9tmZ9_VSb-w/w2048-h1152-no/02-coverphotos-googleplus.png,https://www.gstatic.com/images/branding/product/2x/google_plus_512dp.png,High-traffic,03-1234-5741,Paid (paid_wi_fi),No,No,,No,,
60,My Business,雨竜郡秩父別町秩父別4105,,,,,,,北海道,JP,078-2100,,,03-1234-5738,"03-1234-5739, 03-1234-5740",https://www.google.com,Restaurant,"Ice cream shop,Pizza delivery",,09:00-17:00,09:00-17:00,09:00-17:00,09:00-17:00,09:00-17:00,23:00-02:00,"2026-12-31: 05:00-23:00, 2027-01-01: x",,,https://www.gstatic.com/images/branding/product/2x/google_my_business_512dp.png,https://lh5.googleusercontent.com/-PHmqjc_EgoM/Vo1zG1aivdI/AAAAAAAAMdc/QiMFMYVulFsnyBNr8f82we9tmZ9_VSb-w/w2048-h1152-no/02-coverphotos-googleplus.png,,Recently opened,03-1234-5742,,,,,,,
61,My Business,京都市大原井出町370,,,,,,,京都府,JP,601-1246,,,03-1234-5739,"03-1234-5740, 03-1234-5741",https://www.google.com,Restaurant,"Ice cream shop,Pizza delivery",,09:00-17:00,09:00-17:00,09:00-17:00,09:00-17:00,09:00-17:00,23:00-02:00,"2026-12-31: 05:00-23:00, 2027-01-01: x",,,https://www.gstatic.com/images/branding/product/2x/google_my_business_512dp.png,https://lh5.googleusercontent.com/-PHmqjc_EgoM/Vo1zG1aivdI/AAAAAAAAMdc/QiMFMYVulFsnyBNr8f82we9tmZ9_VSb-w/w2048-h1152-no/02-coverphotos-googleplus.png,,Recently opened,03-1234-5743,,,Yes,Yes,,,
62,My Business,利島村50,,,,,,,東京都,JP,100-0301,,,03-1234-5740,"03-1234-5741, 03-1234-5742",https://www.google.com,Restaurant,"Ice cream shop,Pizza delivery",,09:00-17:00,09:00-17:00,09:00-17:00,09:00-17:00,09:00-17:00,23:00-02:00,"2026-12-31: 05:00-23:00, 2027-01-01: x",,,https://www.gstatic.com/images/branding/product/2x/google_my_business_512dp.png,https://lh5.googleusercontent.com/-PHmqjc_EgoM/Vo1zG1aivdI/AAAAAAAAMdc/QiMFMYVulFsnyBNr8f82we9tmZ9_VSb-w/w2048-h1152-no/02-coverphotos-googleplus.png,,Recently opened,03-1234-5744,,,No,Yes,,,
63,My Business,勝浦郡勝浦町大字生名字月ノ瀬35−2,,,,,,,徳島県,JP,771-4303,,,03-1234-5741,"03-1234-5742, 03-1234-5743",https://www.google.com,Restaurant,"Ice cream shop,Pizza delivery",,09:00-17:00,09:00-17:00,09:00-17:00,09:00-17:00,09:00-17:00,23:00-02:00,"2026-12-31: 05:00-23:00, 2027-01-01: x",,,https://www.gstatic.com/images/branding/product/2x/google_my_business_512dp.png,https://lh5.googleusercontent.com/-PHmqjc_EgoM/Vo1zG1aivdI/AAAAAAAAMdc/QiMFMYVulFsnyBNr8f82we9tmZ9_VSb-w/w2048-h1152-no/02-coverphotos-googleplus.png,,Recently opened,03-1234-5745,,,,No,,,
64,My Business,港区六本木６丁目10-8,22階,,,,,,東京都,JP,106-6126,,,03-1234-5742,"03-1234-5743, 03-1234-5744",https://www.google.com,Restaurant,"Ice cream shop,Pizza delivery",,09:00-17:00,09:00-17:00,09:00-17:00,09:00-17:00,09:00-17:00,23:00-02:00,"2026-12-31: 05:00-23:00, 2027-01-01: x",,,https://www.gstatic.com/images/branding/product/2x/google_my_business_512dp.png,https://lh5.googleusercontent.com/-PHmqjc_EgoM/Vo1zG1aivdI/AAAAAAAAMdc/QiMFMYVulFsnyBNr8f82we9tmZ9_VSb-w/w2048-h1152-no/02-coverphotos-googleplus.png,,Recently opened,03-1234-5746,,,Yes,No,,,
65,My Business,千代田区丸の内2丁目8-9,JPタワー KITTE 5F,,,,,,東京都,JP,100-7005,,,03-1234-5743,"03-1234-5744, 03-1234-5745",https://www.google.com,Restaurant,"Ice cream shop,Pizza delivery",,09:00-17:00,09:00-17:00,09:00-17:00,09:00-17:00,09:00-17:00,23:00-02:00,"2026-12-31: 05:00-23:00, 2027-01-01: x",,,https://www.gstatic.com/images/branding/product/2x/google_my_business_512dp.png,https://lh5.googleusercontent.com/-PHmqjc_EgoM/Vo1zG1aivdI/AAAAAAAAMdc/QiMFMYVulFsnyBNr8f82we9tmZ9_VSb-w/w2048-h1152-no/02-coverphotos-googleplus.png,,Recently opened,03-1234-5747,,,No,,,,
66,My Business,高崎市鼻高町47-6,市営鼻高団地７９−Ｊ棟 405号,,,,,,群馬県,JP,370-0868,,,03-1234-5744,"03-1234-5745, 03-1234-5746",https://www.google.com,Restaurant,"Ice cream shop,Pizza delivery",,09:00-17:00,09:00-17:00,09:00-17:00,09:00-17:00,09:00-17:00,23:00-02:00,"2026-12-31: 05:00-23:00, 2027-01-01: x",,,https://www.gstatic.com/images/branding/product/2x/google_my_business_512dp.png,https://lh5.googleusercontent.com/-PHmqjc_EgoM/Vo1zG1aivdI/AAAAAAAAMdc/QiMFMYVulFsnyBNr8f82we9tmZ9_VSb-w/w2048-h1152-no/02-coverphotos-googleplus.png,,Recently opened,03-1234-5748,,,,,,,
67,My Business,Rancho las Abejas 28,,,,,Residencial Los Sauces,México,D.F.,MX,04940,,,200 123 4634,"200 123 4635, 200 123 4636",https://www.google.com,Restaurant,"Ice cream shop,Pizza delivery",,09:00-17:00,09:00-17:00,09:00-17:00,09:00-17:00,09:00-17:00,23:00-02:00,"2026-12-31: 05:00-23:00, 2027-01-01: x",,,https://www.gstatic.com/images/branding/product/2x/google_my_business_512dp.png,https://lh5.googleusercontent.com/-PHmqjc_EgoM/Vo1zG1aivdI/AAAAAAAAMdc/QiMFMYVulFsnyBNr8f82we9tmZ9_VSb-w/w2048-h1152-no/02-coverphotos-googleplus.png,,Recently opened,200 123 4638,,,Yes,Yes,,,
68,My Business,Cerro Bacatete 105,,,,,Col. Lomas de Mazatlán,Mazatlán,Sinaloa,MX,82110,,,200 123 4635,"200 123 4636, 200 123 4637",https://www.google.com,Restaurant,"Ice cream shop,Pizza delivery",,09:00-17:00,09:00-17:00,09:00-17:00,09:00-17:00,09:00-17:00,23:00-02:00,"2026-12-31: 05:00-23:00, 2027-01-01: x",,,https://www.gstatic.com/images/branding/product/2x/google_my_business_512dp.png,https://lh5.googleusercontent.com/-PHmqjc_EgoM/Vo1zG1aivdI/AAAAAAAAMdc/QiMFMYVulFsnyBNr8f82we9tmZ9_VSb-w/w2048-h1152-no/02-coverphotos-googleplus.png,,Recently opened,200 123 4639,,,No,Yes,,,
69,My Business,Calzada de Tlalpan 1507,,,,,Portales,Ciudad de México,D.F.,MX,03300,,,200 123 4636,"200 123 4637, 200 123 4638",https://www.google.com,Restaurant,"Ice cream shop,Pizza delivery",,09:00-17:00,09:00-17:00,09:00-17:00,09:00-17:00,09:00-17:00,23:00-02:00,"2026-12-31: 05:00-23:00, 2027-01-01: x",,,https://www.gstatic.com/images/branding/product/2x/google_my_business_512dp.png,https://lh5.googleusercontent.com/-PHmqjc_EgoM/Vo1zG1aivdI/AAAAAAAAMdc/QiMFMYVulFsnyBNr8f82we9tmZ9_VSb-w/w2048-h1152-no/02-coverphotos-googleplus.png,,Recently opened,200 123 4640,,,,No,,,
70,My Business,Calzada Circunvalación Poniente No. 49,,,,,Ciudad Granja,Zapopan,JAL,MX,45100,,,200 123 4637,"200 123 4638, 200 123 4639",https://www.google.com,Restaurant,"Ice cream shop,Pizza delivery",,09:00-17:00,09:00-17:00,09:00-17:00,09:00-17:00,09:00-17:00,23:00-02:00,"2026-12-31: 05:00-23:00, 2027-01-01: x",,,https://www.gstatic.com/images/branding/product/2x/google_my_business_512dp.png,https://lh5.googleusercontent.com/-PHmqjc_EgoM/Vo1zG1aivdI/AAAAAAAAMdc/QiMFMYVulFsnyBNr8f82we9tmZ9_VSb-w/w2048-h1152-no/02-coverphotos-googleplus.png,,Recently opened,200 123 4641,,,Yes,No,,,
71,My Business,Av. Eugenio Garza Sada No. 2411,,,,,Col. Roma,Monterrey,NL,MX,64700,,,200 123 4638,"200 123 4639, 200 123 4640",https://www.google.com,Restaurant,"Ice cream shop,Pizza delivery",,09:00-17:00,09:00-17:00,09:00-17:00,09:00-17:00,09:00-17:00,23:00-02:00,"2026-12-31: 05:00-23:00, 2027-01-01: x",,,https://www.gstatic.com/images/branding/product/2x/google_my_business_512dp.png,https://lh5.googleusercontent.com/-PHmqjc_EgoM/Vo1zG1aivdI/AAAAAAAAMdc/QiMFMYVulFsnyBNr8f82we9tmZ9_VSb-w/w2048-h1152-no/02-coverphotos-googleplus.png,,Recently opened,200 123 4642,,,No,,,,
72,My Business,Park Lane,,,,,Apapa,Lagos,,NG,100001,,,02033 12 3528,"02033 12 3529, 02033 12 3530",https://www.google.com,Restaurant,"Ice cream shop,Pizza delivery",,09:00-17:00,09:00-17:00,09:00-17:00,09:00-17:00,09:00-17:00,23:00-02:00,"2026-12-31: 05:00-23:00, 2027-01-01: x",,,https://www.gstatic.com/images/branding/product/2x/google_my_business_512dp.png,https://lh5.googleusercontent.com/-PHmqjc_EgoM/Vo1zG1aivdI/AAAAAAAAMdc/QiMFMYVulFsnyBNr8f82we9tmZ9_VSb-w/w2048-h1152-no/02-coverphotos-googleplus.png,,Recently opened,02033 12 3532,,,,,,,
73,My Business,Ring Road Roundabout,,,,,Oka,Benin City,,NG,,,,02033 12 3529,"02033 12 3530, 02033 12 3531",https://www.google.com,Restaurant,"Ice cream shop,Pizza delivery",,09:00-17:00,09:00-17:00,09:00-17:00,09:00-17:00,09:00-17:00,23:00-02:00,"2026-12-31: 05:00-23:00, 2027-01-01: x",,,https://www.gstatic.com/images/branding/product/2x/google_my_business_512dp.png,https://lh5.googleusercontent.com/-PHmqjc_EgoM/Vo1zG1aivdI/AAAAAAAAMdc/QiMFMYVulFsnyBNr8f82we9tmZ9_VSb-w/w2048-h1152-no/02-coverphotos-googleplus.png,,Recently opened,02033 12 3533,,,Yes,Yes,,,
74,My Business,7 Ugbogbo Rd,By Ogogoro Street Junction,,,,Akoko-Edo,Igarra,Edo,NG,,,,02033 12 3530,"02033 12 3531, 02033 12 3532",https://www.google.com,Restaurant,"Ice cream shop,Pizza delivery",,09:00-17:00,09:00-17:00,09:00-17:00,09:00-17:00,09:00-17:00,23:00-02:00,"2026-12-31: 05:00-23:00, 2027-01-01: x",,,https://www.gstatic.com/images/branding/product/2x/google_my_business_512dp.png,https://lh5.googleusercontent.com/-PHmqjc_EgoM/Vo1zG1aivdI/AAAAAAAAMdc/QiMFMYVulFsnyBNr8f82we9tmZ9_VSb-w/w2048-h1152-no/02-coverphotos-googleplus.png,,Recently opened,02033 12 3534,,,No,Yes,,,
75,My Business,Klaverstraat 111,,,,,,Amsterdam,,NL,1012 NX,,,010 123 4642,"010 123 4643, 010 123 4644",https://www.google.com,Restaurant,"Ice cream shop,Pizza delivery",,09:00-17:00,09:00-17:00,09:00-17:00,09:00-17:00,09:00-17:00,23:00-02:00,"2026-12-31: 05:00-23:00, 2027-01-01: x",,,https://www.gstatic.com/images/branding/product/2x/google_my_business_512dp.png,https://lh5.googleusercontent.com/-PHmqjc_EgoM/Vo1zG1aivdI/AAAAAAAAMdc/QiMFMYVulFsnyBNr8f82we9tmZ9_VSb-w/w2048-h1152-no/02-coverphotos-googleplus.png,,Recently opened,010 123 4646,,,,No,,,
76,My Business,Korte Vijverberg 500,"Blok 3, kamer 210",,,,,Den Haag,,NL,2513 AB,,,010 123 4643,"010 123 4644, 010 123 4645",https://www.google.com,Restaurant,"Ice cream shop,Pizza delivery",,09:00-17:00,09:00-17:00,09:00-17:00,09:00-17:00,09:00-17:00,23:00-02:00,"2026-12-31: 05:00-23:00, 2027-01-01: x",,,https://www.gstatic.com/images/branding/product/2x/google_my_business_512dp.png,https://lh5.googleusercontent.com/-PHmqjc_EgoM/Vo1zG1aivdI/AAAAAAAAMdc/QiMFMYVulFsnyBNr8f82we9tmZ9_VSb-w/w2048-h1152-no/02-coverphotos-googleplus.png,,Recently opened,010 123 4647,,,Yes,No,,,
77,My Business,Churchilllaan 22/5,,,,,,Utrecht,,NL,3527 GV,,,010 123 4644,"010 123 4645, 010 123 4646",https://www.google.com,Restaurant,"Ice cream shop,Pizza delivery",,09:00-17:00,09:00-17:00,09:00-17:00,09:00-17:00,09:00-17:00,23:00-02:00,"2026-12-31: 05:00-23:00, 2027-01-01: x",,,https://www.gstatic.com/images/branding/product/2x/google_my_business_512dp.png,https://lh5.googleusercontent.com/-PHmqjc_EgoM/Vo1zG1aivdI/AAAAAAAAMdc/QiMFMYVulFsnyBNr8f82we9tmZ9_VSb-w/w2048-h1152-no/02-coverphotos-googleplus.png,,Recently opened,010 123 4648,,,No,,,,
78,My Business,150 Calle A,,,,,,San Juan,,PR,00920,,,(787) 234-5756,"(787) 234-5757, (787) 234-5758",https://www.google.com,Restaurant,"Ice cream shop,Pizza delivery",,09:00-17:00,09:00-17:00,09:00-17:00,09:00-17:00,09:00-17:00,23:00-02:00,"2026-12-31: 05:00-23:00, 2027-01-01: x",,,https://www.gstatic.com/images/branding/product/2x/google_my_business_512dp.png,https://lh5.googleusercontent.com/-PHmqjc_EgoM/Vo1zG1aivdI/AAAAAAAAMdc/QiMFMYVulFsnyBNr8f82we9tmZ9_VSb-w/w2048-h1152-no/02-coverphotos-googleplus.png,,Recently opened,(787) 234-5760,,,,,,,
79,My Business,"Озерная аллея, д.4, стр. 5",,,,,,"г.Зеленоград, г.Москва",,RU,124460,,,8 (301) 123-46-46,"8 (301) 123-46-47, 8 (301) 123-46-48",https://www.google.com,Restaurant,"Ice cream shop,Pizza delivery",,09:00-17:00,09:00-17:00,09:00-17:00,09:00-17:00,09:00-17:00,23:00-02:00,"2026-12-31: 05:00-23:00, 2027-01-01: x",,,https://www.gstatic.com/images/branding/product/2x/google_my_business_512dp.png,https://lh5.googleusercontent.com/-PHmqjc_EgoM/Vo1zG1aivdI/AAAAAAAAMdc/QiMFMYVulFsnyBNr8f82we9tmZ9_VSb-w/w2048-h1152-no/02-coverphotos-googleplus.png,,Recently opened,8 (301) 123-46-50,,,Yes,Yes,,,
80,My Business,"Южный микрорайон, 4-й квартал, дом 13",,,,,,г.Байкальск,Иркутская область,RU,665930,,,8 (301) 123-46-47,"8 (301) 123-46-48, 8 (301) 123-46-49",https://www.google.com,Restaurant,"Ice cream shop,Pizza delivery",,09:00-17:00,09:00-17:00,09:00-17:00,09:00-17:00,09:00-17:00,23:00-02:00,"2026-12-31: 05:00-23:00, 2027-01-01: x",,,https://www.gstatic.com/images/branding/product/2x/google_my_business_512dp.png,https://lh5.googleusercontent.com/-PHmqjc_EgoM/Vo1zG1aivdI/AAAAAAAAMdc/QiMFMYVulFsnyBNr8f82we9tmZ9_VSb-w/w2048-h1152-no/02-coverphotos-googleplus.png,,Recently opened,8 (301) 123-46-51,,,No,Yes,,,
81,My Business,"ул.Победы, д.20",,,,,,п.Октябрьский,"Боровский район,Нижегородская область",RU,606480,56.294154,44.170141,8 (301) 123-46-48,"8 (301) 123-46-49, 8 (301) 123-46-50",https://www.google.com,Restaurant,"Ice cream shop,Pizza delivery",,09:00-17:00,09:00-17:00,09:00-17:00,09:00-17:00,09:00-17:00,23:00-02:00,"2026-12-31: 05:00-23:00, 2027-01-01: x",,,https://www.gstatic.com/images/branding/product/2x/google_my_business_512dp.png,https://lh5.googleusercontent.com/-PHmqjc_EgoM/Vo1zG1aivdI/AAAAAAAAMdc/QiMFMYVulFsnyBNr8f82we9tmZ9_VSb-w/w2048-h1152-no/02-coverphotos-googleplus.png,,Recently opened,8 (301) 123-46-52,,,,No,,,
82,My Business,к.1,,,,,,"г.Москва, п.Сосенское, п.Коммунарка",,RU,152333,,,8 (301) 123-46-49,"8 (301) 123-46-50, 8 (301) 123-46-51",https://www.google.com,Restaurant,"Ice cream shop,Pizza delivery",,09:00-17:00,09:00-17:00,09:00-17:00,09:00-17:00,09:00-17:00,23:00-02:00,"2026-12-31: 05:00-23:00, 2027-01-01: x",,,https://www.gstatic.com/images/branding/product/2x/google_my_business_512dp.png,https://lh5.googleusercontent.com/-PHmqjc_EgoM/Vo1zG1aivdI/AAAAAAAAMdc/QiMFMYVulFsnyBNr8f82we9tmZ9_VSb-w/w2048-h1152-no/02-coverphotos-googleplus.png,,Recently opened,8 (301) 123-46-53,,,Yes,No,,,
83,My Business,"Сибирский тракт, 8-й километр",,,,,,Екатеринбург,,RU,620030,,,8 (301) 123-46-50,"8 (301) 123-46-51, 8 (301) 123-46-52",https://www.google.com,Restaurant,"Ice cream shop,Pizza delivery",,09:00-17:00,09:00-17:00,09:00-17:00,09:00-17:00,09:00-17:00,23:00-02:00,"2026-12-31: 05:00-23:00, 2027-01-01: x",,,https://www.gstatic.com/images/branding/product/2x/google_my_business_512dp.png,https://lh5.googleusercontent.com/-PHmqjc_EgoM/Vo1zG1aivdI/AAAAAAAAMdc/QiMFMYVulFsnyBNr8f82we9tmZ9_VSb-w/w2048-h1152-no/02-coverphotos-googleplus.png,,Recently opened,8 (301) 123-46-54,,,No,,,,
84,My Business,Malmvägen 11,,,,,,Bromölla,,SE,593 72,,,08-12 35 40,"08-12 35 41, 08-12 35 42",https://www.google.com,Restaurant,"Ice cream shop,Pizza delivery",,09:00-17:00,09:00-17:00,09:00-17:00,09:00-17:00,09:00-17:00,23:00-02:00,"2026-12-31: 05:00-23:00, 2027-01-01: x",,,https://www.gstatic.com/images/branding/product/2x/google_my_business_512dp.png,https://lh5.googleusercontent.com/-PHmqjc_EgoM/Vo1zG1aivdI/AAAAAAAAMdc/QiMFMYVulFsnyBNr8f82we9tmZ9_VSb-w/w2048-h1152-no/02-coverphotos-googleplus.png,,Recently opened,08-12 35 44,,,,,,,
85,My Business,Malingsbo Fridagården 1,,,,,,Trosa,,SE,614 96,,,08-12 35 41,"08-12 35 42, 08-12 35 43",https://www.google.com,Restaurant,"Ice cream shop,Pizza delivery",,09:00-17:00,09:00-17:00,09:00-17:00,09:00-17:00,09:00-17:00,23:00-02:00,"2026-12-31: 05:00-23:00, 2027-01-01: x",,,https://www.gstatic.com/images/branding/product/2x/google_my_business_512dp.png,https://lh5.googleusercontent.com/-PHmqjc_EgoM/Vo1zG1aivdI/AAAAAAAAMdc/QiMFMYVulFsnyBNr8f82we9tmZ9_VSb-w/w2048-h1152-no/02-coverphotos-googleplus.png,,Recently opened,08-12 35 45,,,Yes,Yes,,,
86,My Business,Birger Jarlsgatan 61,4tr,,,,,Stockholm,,SE,113 56,,,08-12 35 42,"08-12 35 43, 08-12 35 44",https://www.google.com,Restaurant,"Ice cream shop,Pizza delivery",,09:00-17:00,09:00-17:00,09:00-17:00,09:00-17:00,09:00-17:00,23:00-02:00,"2026-12-31: 05:00-23:00, 2027-01-01: x",,,https://www.gstatic.com/images/branding/product/2x/google_my_business_512dp.png,https://lh5.googleusercontent.com/-PHmqjc_EgoM/Vo1zG1aivdI/AAAAAAAAMdc/QiMFMYVulFsnyBNr8f82we9tmZ9_VSb-w/w2048-h1152-no/02-coverphotos-googleplus.png,,Recently opened,08-12 35 46,,,No,Yes,,,
87,My Business,1599 Amphitheatre Parkway,,,,,,Mountain View,CA,US,94043,,,(201) 555-0210,"(201) 555-0211, (201) 555-0212",https://www.google.com,Restaurant,"Ice cream shop,Pizza delivery",,09:00-17:00,09:00-17:00,09:00-17:00,09:00-17:00,09:00-17:00,23:00-02:00,"2026-12-31: 05:00-23:00, 2027-01-01: x",,,https://www.gstatic.com/images/branding/product/2x/google_my_business_512dp.png,https://lh5.googleusercontent.com/-PHmqjc_EgoM/Vo1zG1aivdI/AAAAAAAAMdc/QiMFMYVulFsnyBNr8f82we9tmZ9_VSb-w/w2048-h1152-no/02-coverphotos-googleplus.png,,Recently opened,(201) 555-0214,,,,No,,,
88,My Business,678 Lafayette Ave,Suite 2B,,,,,Brooklyn,NY,US,11216,,,(201) 555-0211,"(201) 555-0212, (201) 555-0213",https://www.google.com,Restaurant,"Ice cream shop,Pizza delivery",,09:00-17:00,09:00-17:00,09:00-17:00,09:00-17:00,09:00-17:00,23:00-02:00,"2026-12-31: 05:00-23:00, 2027-01-01: x",,,https://www.gstatic.com/images/branding/product/2x/google_my_business_512dp.png,https://lh5.googleusercontent.com/-PHmqjc_EgoM/Vo1zG1aivdI/AAAAAAAAMdc/QiMFMYVulFsnyBNr8f82we9tmZ9_VSb-w/w2048-h1152-no/02-coverphotos-googleplus.png,,Recently opened,(201) 555-0215,,,Yes,No,,,
89,My Business,2461 U.S. 101,,,,,,Florence,OR,US,97439,,,(201) 555-0212,"(201) 555-0213, (201) 555-0214",https://www.google.com,Restaurant,"Ice cream shop,Pizza delivery",,09:00-17:00,09:00-17:00,09:00-17:00,09:00-17:00,09:00-17:00,23:00-02:00,"2026-12-31: 05:00-23:00, 2027-01-01: x",,,https://www.gstatic.com/images/branding/product/2x/google_my_business_512dp.png,https://lh5.googleusercontent.com/-PHmqjc_EgoM/Vo1zG1aivdI/AAAAAAAAMdc/QiMFMYVulFsnyBNr8f82we9tmZ9_VSb-w/w2048-h1152-no/02-coverphotos-googleplus.png,,Recently opened,(201) 555-0216,,,No,,,,
